uw_price,uw_rank,socre,Underwriter Name,Rank8084,Rank8591,Rank9200,Rank0104,Rank0507,Rank0809,Rank1011,Rank1217,Rank1820,Unnamed: 10
 CIBC,CIBC Wood Gundy Securities,100,CIBC Wood Gundy Securities,-9.0,-9.0,8.001,-9.0,-9.0,-9.0,-9.0,,,
"Cohen & Company Capital Markets, LLC   I-Bankers Securities",AB Capital Markets,91,AB Capital Markets,-9.0,-9.0,3.001,-9.0,-9.0,-9.0,-9.0,-9.0,-9.0,
 PNC Capital Markets,AB Capital Markets,91,AB Capital Markets,-9.0,-9.0,3.001,-9.0,-9.0,-9.0,-9.0,-9.0,-9.0,
SunTrust Robinson Humphrey,SunTrust Robinson Humphrey,100,SunTrust Robinson Humphrey,-9.0,-9.0,-9.0,6.001,6.001,6.001,6.501,6.501,7.001,
Morgan Stanlry,Morgan Stanley,93,Morgan Stanley,-9.0,-9.0,-9.0,9.001,-9.0,-9.0,-9.0,,,
Sandler ONeill & Partners,Sandler O'Neill Partners,94,Sandler O'Neill Partners,-9.0,-9.0,8.001,8.001,8.001,8.001,7.501,7.501,7.501,
Deutsche Bank,Deutsche Bank Capital (NY),100,Deutsche Bank Capital (NY),-9.0,9.001,-9.0,-9.0,-9.0,-9.0,-9.0,,,
Thomas Weisel,Thomas Weisel Partners LLC,100,Thomas Weisel Partners LLC,-9.0,-9.0,8.001,8.001,8.001,7.001,7.001,,,
 Evercore Group,Evercore,100,Evercore,-9.0,-9.0,-9.0,-9.0,-9.0,-9.0,-9.0,7.001,7.001,
 Moelis & Company,Moelis,100,Moelis,-9.0,-9.0,-9.0,-9.0,-9.0,-9.0,-9.0,6.001,6.001,
Mizuho Securities,Mizuho Securities,100,Mizuho Securities,-9.0,-9.0,-9.0,-9.0,-9.0,-9.0,-9.0,7.501,7.501,
Banc of America,Banc of America Securities LLC,100,Banc of America Securities LLC,-9.0,-9.0,8.001,8.001,8.001,8.001,-9.0,,,
 Cowen and Company,Cowen,100,Cowen,-9.0,5.5,7.001,-9.0,7.001,7.001,6.501,7.001,7.001,
Rodman & Renshaw.WestPark Capital,Rodman & Renshaw Inc,88,Rodman & Renshaw Inc,-9.0,5.5,2.001,-9.0,2.001,2.001,2.001,,,
BofA Merrill Lych,Merrill Lynch & Co Inc,76,Merrill Lynch & Co Inc,-9.0,9.001,9.001,9.001,9.001,9.001,8.501,8.501,8.501,
 Oak Ridge Financial,BC Financial,86,BC Financial,-9.0,2.001,-9.0,-9.0,-9.0,-9.0,-9.0,-9.0,-9.0,
 JMP Securities,BA Securities,87,BA Securities,-9.0,-9.0,7.001,-9.0,-9.0,-9.0,-9.0,-9.0,-9.0,
"Goldman, Sachs & Co.",Goldman Sachs & Co,100,Goldman Sachs & Co,9.0,9.0,9.001,9.001,9.001,9.001,9.001,9.001,9.001,
 J .P. Morgan,JP Morgan (JPM),87,JP Morgan (JPM),-9.0,-9.0,9.001,9.001,9.001,9.001,9.001,9.001,9.001,
 J.P. Morgan Securities,Wedbush Morgan Securities,89,Wedbush Morgan Securities,-9.0,5.0,5.001,-9.0,4.001,4.001,-9.0,6.001,,
 Merrrill Lynch,Merrill Lynch & Co Inc,76,Merrill Lynch & Co Inc,-9.0,9.001,9.001,9.001,9.001,9.001,8.501,8.501,8.501,
Credit Suisse.BofA Merrill Lynch,Credit Suisse,100,Credit Suisse,-9.0,-9.0,-9.0,-9.0,-9.0,-9.0,-9.0,8.501,8.501,
Ladenberg Thalmann,Ladenburg Thalmann & Co,87,Ladenburg Thalmann & Co,5.0,6.0,6.001,6.001,6.001,6.001,6.001,,,
Cantor Fitzgerald ,"Cantor, Fitzgerald & Co., Inc.",100,"Cantor, Fitzgerald & Co., Inc.",-9.0,-9.0,6.001,6.001,6.001,6.001,6.001,6.001,6.001,
Newbridge,Newbridge Securities,100,Newbridge Securities,-9.0,-9.0,-9.0,2.001,2.001,2.001,2.001,,,
 RenCap,Reich,55,Reich,-9.0,4.0,4.001,-9.0,-9.0,-9.0,-9.0,,,
" Stifel, Nicolaus ",Stifel,100,Stifel,-9.0,-9.0,-9.0,-9.0,-9.0,-9.0,7.001,7.001,7.001,
"Morgan Stanley, Goldman, Sachs",Morgan Stanley,100,Morgan Stanley,-9.0,-9.0,-9.0,9.001,-9.0,-9.0,-9.0,,,
Feltl & Company,Feltl & Co,77,Feltl & Co,-9.0,-9.0,-9.0,4.001,4.001,4.001,4.001,4.001,,
 KKR,KKR Capital,100,KKR Capital,-9.0,-9.0,-9.0,-9.0,-9.0,-9.0,-9.0,8.001,8.001,
Stifel,Stifel,100,Stifel,-9.0,-9.0,-9.0,-9.0,-9.0,-9.0,7.001,7.001,7.001,
CICc,China International Capital Corp (CICC),100,China International Capital Corp (CICC),-9.0,-9.0,7.001,8.001,8.001,8.001,8.001,8.001,8.501,
 Compass Point,Tasin & Company,62,Tasin & Company,-9.0,-9.0,3.001,-9.0,-9.0,-9.0,-9.0,,,
Feltl,Feltl & Co,100,Feltl & Co,-9.0,-9.0,-9.0,4.001,4.001,4.001,4.001,4.001,,
Merriman Curhan Ford,Merriman Curhan Ford & Co.,100,Merriman Curhan Ford & Co.,-9.0,-9.0,-9.0,-9.0,4.001,4.001,4.001,,,
Gilford Securities,Gilford Securities,100,Gilford Securities,1.001,2.0,1.001,1.001,1.001,1.001,-9.0,,,
 Barrett & Company,Barrett,100,Barrett,-9.0,-9.0,-9.0,-9.0,-9.0,-9.0,-9.0,3.001,,
Rodman & Renshaw (a Unit of H.C. Wainwright & Co.),Rodman & Renshaw Inc,88,Rodman & Renshaw Inc,-9.0,5.5,2.001,-9.0,2.001,2.001,2.001,,,
US Bancorp Piper Jaffray,US Bancorp Piper Jaffray,100,US Bancorp Piper Jaffray,-9.0,-9.0,7.001,7.001,-9.0,-9.0,-9.0,,,
BofA Merrill Lynch,Merrill Lynch White Weld Cptl,84,Merrill Lynch White Weld Cptl,9.0,8.875,-9.0,-9.0,-9.0,-9.0,-9.0,,,
Lehamn Brothers,Lehman Brothers,93,Lehman Brothers,-9.0,9.001,9.001,8.001,8.001,8.001,-9.0,,,
 Morgan Stanley ,Morgan Stanley,100,Morgan Stanley,-9.0,-9.0,-9.0,9.001,-9.0,-9.0,-9.0,,,
Benchmark,The Benchmark Company,100,The Benchmark Company,-9.0,-9.0,-9.0,-9.0,-9.0,-9.0,-9.0,,4.001,
Goldman Sacha (Asia),Goldman Sachs Asia,94,Goldman Sachs Asia,-9.0,-9.0,-9.0,9.001,9.001,9.001,9.001,9.001,9.001,
ViewTrade Securities,BA Securities,87,BA Securities,-9.0,-9.0,7.001,-9.0,-9.0,-9.0,-9.0,-9.0,-9.0,
 Credit Suisse Securities,Credit Suisse,100,Credit Suisse,-9.0,-9.0,-9.0,-9.0,-9.0,-9.0,-9.0,8.501,8.501,
 DNB Markets,Citigroup Global Markets Inc,78,Citigroup Global Markets Inc,-9.0,-9.0,-9.0,9.001,-9.0,-9.0,9.001,9.001,9.001,
ThinkEquity (a division of Fordham Financial Management ),BC Financial,86,BC Financial,-9.0,2.001,-9.0,-9.0,-9.0,-9.0,-9.0,-9.0,-9.0,
 Lake Street,State Street Capital Markets,71,State Street Capital Markets,-9.0,-9.0,3.001,-9.0,-9.0,-9.0,-9.0,,,
Taglich Brothers,"Taglich Brothers, Inc.",100,"Taglich Brothers, Inc.",-9.0,-9.0,-9.0,-9.0,2.001,2.001,-9.0,,,
Cantor Fitzgerald & Co.,"Cantor, Fitzgerald & Co., Inc.",100,"Cantor, Fitzgerald & Co., Inc.",-9.0,-9.0,6.001,6.001,6.001,6.001,6.001,6.001,6.001,
Banc of America Securities,Banc of America Securities LLC,100,Banc of America Securities LLC,-9.0,-9.0,8.001,8.001,8.001,8.001,-9.0,,,
 Sterne Agee,Sterne Agee & Leach Inc,100,Sterne Agee & Leach Inc,-9.0,4.001,5.001,5.001,-9.0,-9.0,5.001,,,acquired by Stifel in 2015
Jefferies Broadview,Jefferies & Co Inc,72,Jefferies & Co Inc,-9.0,5.333,5.001,5.001,5.001,6.001,8.001,8.001,8.001,
 AMTD Global Markets,AMTD Global Markets,100,AMTD Global Markets,-9.0,-9.0,-9.0,-9.0,-9.0,-9.0,-9.0,,7.501,
Credit Suisse First Boston,Credit Suisse First Boston,100,Credit Suisse First Boston,-9.0,-9.0,9.001,9.001,9.001,9.001,8.501,,,
 J.P.Morgan,JP Morgan (JPM),87,JP Morgan (JPM),-9.0,-9.0,9.001,9.001,9.001,9.001,9.001,9.001,9.001,
  RBC Capital Markets,RBC Capital Markets,100,RBC Capital Markets,-9.0,-9.0,-9.0,7.001,7.001,8.001,8.001,8.001,8.001,
Paulson Investment Company,Paulson Investment Co,92,Paulson Investment Co,4.0,5.0,3.001,3.001,3.001,3.001,3.001,3.001,,
Credit Suiss,Credit Suisse,96,Credit Suisse,-9.0,-9.0,-9.0,-9.0,-9.0,-9.0,-9.0,8.501,8.501,
Feltl and Company,Reinheimer and Company,79,Reinheimer and Company,-9.0,-9.0,4.001,-9.0,-9.0,-9.0,-9.0,,,
"Ferris, Baker, Watts","Ferris, Baker Watts",100,"Ferris, Baker Watts",-9.0,-9.0,5.001,5.001,5.001,5.001,-9.0,,,
Dutsche Bank,Deutsche Bank AG,86,Deutsche Bank AG,-9.0,-9.0,9.001,9.001,-9.0,-9.0,-9.0,,,
 EarlyBirdCapita,Earlybirdcapital Inc,86,Earlybirdcapital Inc,-9.0,-9.0,-9.0,1.001,2.001,3.001,4.001,4.001,5.001,
 KeyBanc Capital Markets,KeyBanc Capital Markets ,100,KeyBanc Capital Markets ,-9.0,-9.0,-9.0,-9.0,5.001,5.001,6.001,6.001,,
 Height Capital Markets,Knight Capital Markets,91,Knight Capital Markets,-9.0,-9.0,-9.0,-9.0,-9.0,-9.0,5.001,,,
Prudential Vector Healthcare,Prudential Vector Healthcare,100,Prudential Vector Healthcare,-9.0,-9.0,8.001,-9.0,-9.0,-9.0,-9.0,,,
DeutscheBanc Alex. Brown,Deutsche Banc Alex Brown,81,Deutsche Banc Alex Brown,-9.0,-9.0,9.001,9.001,-9.0,-9.0,-9.0,,,
 China Int'l,China International Capital Corp (CICC),62,China International Capital Corp (CICC),-9.0,-9.0,7.001,8.001,8.001,8.001,8.001,8.001,8.501,
 AMTD Tiger,Tiger Brokers,67,Tiger Brokers,-9.0,-9.0,-9.0,-9.0,-9.0,-9.0,-9.0,,7.001,
Sandler O’Neill + Partners,Sandler O'Neill Partners,100,Sandler O'Neill Partners,-9.0,-9.0,8.001,8.001,8.001,8.001,7.501,7.501,7.501,
 FBR,B-Riley-FBR,100,B-Riley-FBR,-9.0,-9.0,-9.0,-9.0,-9.0,-9.0,-9.0,,5.001,
Axiom,Axiom-Cap,100,Axiom-Cap,-9.0,-9.0,-9.0,-9.0,-9.0,-9.0,-9.0,4.001,4.001,
Brenner Securities,Brenner Securities,100,Brenner Securities,-9.0,-9.0,3.001,-9.0,-9.0,-9.0,-9.0,-9.0,-9.0,
Wells Fargo,Wells Fargo,100,Wells Fargo,-9.0,-9.0,-9.0,-9.0,-9.0,7.001,8.001,8.001,8.001,
EarlyBirdCapita,Earlybirdcapital Inc,86,Earlybirdcapital Inc,-9.0,-9.0,-9.0,1.001,2.001,3.001,4.001,4.001,5.001,
Sandler O'Neill & Partners,Sandler O'Neill Partners,100,Sandler O'Neill Partners,-9.0,-9.0,8.001,8.001,8.001,8.001,7.501,7.501,7.501,
 Mizuho Securities,Mizuho Securities,100,Mizuho Securities,-9.0,-9.0,-9.0,-9.0,-9.0,-9.0,-9.0,7.501,7.501,
 BMO Capital Markets,BMO Capital Markets,100,BMO Capital Markets,-9.0,-9.0,-9.0,-9.0,7.001,7.001,7.001,7.001,7.001,
 Macquarie Capital,KKR Capital,78,KKR Capital,-9.0,-9.0,-9.0,-9.0,-9.0,-9.0,-9.0,8.001,8.001,
" Stifel, Nicolaus Weisel",Stifel,100,Stifel,-9.0,-9.0,-9.0,-9.0,-9.0,-9.0,7.001,7.001,7.001,
Dougherty & Company,Gunn & Company,74,Gunn & Company,-9.0,-9.0,3.001,-9.0,-9.0,-9.0,-9.0,,,
Robert W. Baird,Robert W Baird & Co Inc,100,Robert W Baird & Co Inc,6.5,5.75,7.001,7.001,7.001,7.001,-9.0,,,
SANDLER O'NEILL + PARTNERS,Sandler O'Neill Partners,100,Sandler O'Neill Partners,-9.0,-9.0,8.001,8.001,8.001,8.001,7.501,7.501,7.501,
Credit Siusse,Credit Suisse,92,Credit Suisse,-9.0,-9.0,-9.0,-9.0,-9.0,-9.0,-9.0,8.501,8.501,
Jefferirs,Jefferies & Co Inc,64,Jefferies & Co Inc,-9.0,5.333,5.001,5.001,5.001,6.001,8.001,8.001,8.001,
 China Renaissance Securities,Renaissance Securities,100,Renaissance Securities,-9.0,-9.0,-9.0,-9.0,-9.0,-9.0,5.001,,,
Sunrise Securities,Sunrise Securities,100,Sunrise Securities,-9.0,-9.0,-9.0,1.001,1.001,1.001,-9.0,,,
RBC Capital,RBC Capital Markets,100,RBC Capital Markets,-9.0,-9.0,-9.0,7.001,7.001,8.001,8.001,8.001,8.001,
Morgan Stanley,Morgan Stanley,100,Morgan Stanley,-9.0,-9.0,-9.0,9.001,-9.0,-9.0,-9.0,,,
Nomura,Nomura Securities New York Inc,100,Nomura Securities New York Inc,-9.0,9.001,9.001,-9.0,-9.0,-9.0,-9.0,,,
 JPMorgan,JP Morgan (JPM),76,JP Morgan (JPM),-9.0,-9.0,9.001,9.001,9.001,9.001,9.001,9.001,9.001,
Pacific Growth Equities,Pacific Growth Equities Inc,100,Pacific Growth Equities Inc,-9.0,-9.0,1.001,4.001,4.001,4.001,-9.0,,,
W.R. Hambracht,W.R. Hambrecht & Company,71,W.R. Hambrecht & Company,-9.0,-9.0,7.001,7.001,7.001,7.001,7.001,7.001,,
 CICC,China International Capital Corp (CICC),100,China International Capital Corp (CICC),-9.0,-9.0,7.001,8.001,8.001,8.001,8.001,8.001,8.501,
 Needham,Needham & Co Inc,100,Needham & Co Inc,-9.0,6.0,5.001,5.001,5.001,5.001,-9.0,5.001,5.001,
UBS Securities,UBS,100,UBS,-9.0,-9.0,-9.0,8.001,-9.0,-9.0,8.501,,,
 Goldman Sachs (Asia),Goldman Sachs Asia,100,Goldman Sachs Asia,-9.0,-9.0,-9.0,9.001,9.001,9.001,9.001,9.001,9.001,
"Rodman & Renshaw, LLC",Rodman & Renshaw Inc,89,Rodman & Renshaw Inc,-9.0,5.5,2.001,-9.0,2.001,2.001,2.001,,,
BofA,J. B. Oxford,43,J. B. Oxford,-9.0,-9.0,2.001,-9.0,-9.0,-9.0,-9.0,,,
MDB Capital Group LLC,MDB-Capital,100,MDB-Capital,-9.0,-9.0,-9.0,-9.0,-9.0,-9.0,2.001,4.001,,
 Janney Montgomery Scott,Janney Montgomery Scott Inc,100,Janney Montgomery Scott Inc,5.0,6.0,7.001,7.001,5.001,5.001,-9.0,,,
HSBC,HSBC,100,HSBC,-9.0,-9.0,8.001,-9.0,-9.0,-9.0,8.001,8.001,8.001,
 Raymond James ,Raymond James & Associates Inc,100,Raymond James & Associates Inc,4.0,5.625,7.001,7.001,7.001,7.001,7.001,7.501,7.501,
CIBC Worldwide,CIBC World Markets,62,CIBC World Markets,-9.0,-9.0,8.001,8.001,8.001,8.001,7.501,,,
WR Hambrecht+Co.,W.R. Hambrecht & Company,78,W.R. Hambrecht & Company,-9.0,-9.0,7.001,7.001,7.001,7.001,7.001,7.001,,
 Fosun Hani,"Bond, Richman",55,"Bond, Richman",2.001,2.001,-9.0,-9.0,-9.0,-9.0,-9.0,-9.0,-9.0,
Legend Merchant Group,Legend Merchant Group,100,Legend Merchant Group,-9.0,-9.0,-9.0,-9.0,3.001,3.001,-9.0,,,
Wachovia Securities,Wachovia Securities Inc,100,Wachovia Securities Inc,-9.0,-9.0,7.001,7.001,7.001,7.001,-9.0,,,
ThinkEquity Partners,Thinkequity Partners LLC,100,Thinkequity Partners LLC,-9.0,-9.0,-9.0,-9.0,5.001,5.001,-9.0,,,
Sandler ONeill + Partners,Sandler O'Neill Partners,94,Sandler O'Neill Partners,-9.0,-9.0,8.001,8.001,8.001,8.001,7.501,7.501,7.501,
Rodman & Renshaw,Rodman & Renshaw Inc,100,Rodman & Renshaw Inc,-9.0,5.5,2.001,-9.0,2.001,2.001,2.001,,,
 BofA Merrill Lynch Credit Suisse,Credit Suisse,100,Credit Suisse,-9.0,-9.0,-9.0,-9.0,-9.0,-9.0,-9.0,8.501,8.501,
 Deutsche Bank Secutities,Deutsche Bank AG,90,Deutsche Bank AG,-9.0,-9.0,9.001,9.001,-9.0,-9.0,-9.0,,,
SoundView Technology,Soundview Technology Group,100,Soundview Technology Group,-9.0,-9.0,7.001,-9.0,-9.0,-9.0,-9.0,,,
" Goldman, Sachs & Co.",Goldman Sachs & Co,100,Goldman Sachs & Co,9.0,9.0,9.001,9.001,9.001,9.001,9.001,9.001,9.001,
Piper Jaffrey,Piper Jaffray Inc,80,Piper Jaffray Inc,-9.0,-9.0,7.001,-9.0,7.001,7.001,7.501,7.501,7.501,
Thomas Weisel Partners,Thomas Weisel Partners LLC,100,Thomas Weisel Partners LLC,-9.0,-9.0,8.001,8.001,8.001,7.001,7.001,,,
D.A. Davidson,Kashner Davidson Securities,80,Kashner Davidson Securities,-9.0,3.001,3.001,3.001,-9.0,-9.0,-9.0,-9.0,-9.0,
 Jefferies & Company,Ferris & Company,84,Ferris & Company,5.001,5.13,5.001,-9.0,-9.0,-9.0,-9.0,,,
Anderson & Strudrick,Anderson & Strudwick,94,Anderson & Strudwick,-9.0,-9.0,4.001,-9.0,3.001,3.001,3.001,-9.0,-9.0,
  Morgan Stanley,Morgan Stanley,100,Morgan Stanley,-9.0,-9.0,-9.0,9.001,-9.0,-9.0,-9.0,,,
 Santander,Santander Investment Bank,100,Santander Investment Bank,-9.0,-9.0,7.001,-9.0,-9.0,9.001,7.501,8.001,8.001,
 Stifel Nicolaus Weisel,Stifel,100,Stifel,-9.0,-9.0,-9.0,-9.0,-9.0,-9.0,7.001,7.001,7.001,
Cowen,Cowen,100,Cowen,-9.0,5.5,7.001,-9.0,7.001,7.001,6.501,7.001,7.001,
 Stephens,"Robertson, Colman & Stephens",100,"Robertson, Colman & Stephens",5.001,8.75,-9.0,-9.0,-9.0,-9.0,-9.0,,,
"Keefe, Bruyette & Woods",Keefe Bruyette & Woods Inc,100,Keefe Bruyette & Woods Inc,-9.0,8.333,7.001,7.001,7.001,7.001,7.001,7.001,,merged with Stifel in 2013
 Newbridge Securities Corporation,Newbridge Securities,100,Newbridge Securities,-9.0,-9.0,-9.0,2.001,2.001,2.001,2.001,,,
Roth Capital Management,Cardinal Capital Management,88,Cardinal Capital Management,-9.0,-9.0,3.001,-9.0,-9.0,-9.0,-9.0,-9.0,-9.0,
Aegis Capital,Aegis Capital,100,Aegis Capital,-9.0,-9.0,4.001,-9.0,-9.0,-9.0,3.001,3.001,3.001,
GunnAllen,GunnAllen Financial Inc,100,GunnAllen Financial Inc,-9.0,-9.0,3.001,3.001,3.001,3.001,-9.0,,,
 Deutsche Bank Securitie,Deutsche Bank AG,90,Deutsche Bank AG,-9.0,-9.0,9.001,9.001,-9.0,-9.0,-9.0,,,
Friedman Billings Ramsey,Friedman Billings Ramsey Group,100,Friedman Billings Ramsey Group,-9.0,-9.0,5.001,5.001,5.001,5.001,5.001,5.001,,
ING,ING,100,ING,-9.0,-9.0,-9.0,7.001,-9.0,-9.0,-9.0,,,
Stifel Nicolaus,Stifel,100,Stifel,-9.0,-9.0,-9.0,-9.0,-9.0,-9.0,7.001,7.001,7.001,
Wedbush Morgan Securities,Wedbush Morgan Securities,100,Wedbush Morgan Securities,-9.0,5.0,5.001,-9.0,4.001,4.001,-9.0,6.001,,
 Leerink Swann,Leerink Swann & Co.,100,Leerink Swann & Co.,-9.0,-9.0,4.001,-9.0,-9.0,5.001,6.001,7.001,,
WR Hambrecht+Co,W.R. Hambrecht & Company,78,W.R. Hambrecht & Company,-9.0,-9.0,7.001,7.001,7.001,7.001,7.001,7.001,,
"Roth Capital Partners, LLC",Roth Capital Partners Inc,92,Roth Capital Partners Inc,-9.0,-9.0,4.001,4.001,4.001,4.001,5.001,5.001,,
China Inter'l,"Richter, Cohen",62,"Richter, Cohen",-9.0,-9.0,3.001,-9.0,-9.0,-9.0,-9.0,,,
" Goldman, Sachs & Co. ",Goldman Sachs & Co,100,Goldman Sachs & Co,9.0,9.0,9.001,9.001,9.001,9.001,9.001,9.001,9.001,
Robertson Stephens,"Robertson, Colman & Stephens",100,"Robertson, Colman & Stephens",5.001,8.75,-9.0,-9.0,-9.0,-9.0,-9.0,,,
Network 1 Financial Securities,Network 1 Financial Securities,100,Network 1 Financial Securities,-9.0,-9.0,3.001,-9.0,-9.0,-9.0,-9.0,,,
 Barclays,Barclays Capital,100,Barclays Capital,-9.0,-9.0,-9.0,-9.0,8.001,8.001,8.001,8.001,8.001,
Maxim Group LLC,Maxim Group LLC,100,Maxim Group LLC,-9.0,-9.0,-9.0,2.001,3.001,3.001,3.001,3.001,3.001,
 Wells Fargo,Wells Fargo,100,Wells Fargo,-9.0,-9.0,-9.0,-9.0,-9.0,7.001,8.001,8.001,8.001,
Sandler O'Niell & Partners,Sandler O'Neill Partners,96,Sandler O'Neill Partners,-9.0,-9.0,8.001,8.001,8.001,8.001,7.501,7.501,7.501,
 Berenberg,"Shoenberg, Hieber",72,"Shoenberg, Hieber",1.0,2.001,2.001,-9.0,-9.0,-9.0,-9.0,,,
CRT Capital,KKR Capital,82,KKR Capital,-9.0,-9.0,-9.0,-9.0,-9.0,-9.0,-9.0,8.001,8.001,
 Leerink Partners ,Leerink-SVB,78,Leerink-SVB,-9.0,-9.0,-9.0,-9.0,-9.0,-9.0,,,7.001,
Oppenheimer & Co.,Oppenheimer & Co Inc,100,Oppenheimer & Co Inc,7.5,7.875,8.001,-9.0,7.001,7.001,7.001,7.001,,
 National Bank of Canada Financial,National Bank Financial Inc,92,National Bank Financial Inc,-9.0,-9.0,5.001,-9.0,-9.0,-9.0,-9.0,,,
 J .P. Morgan Securities,Wedbush Morgan Securities,89,Wedbush Morgan Securities,-9.0,5.0,5.001,-9.0,4.001,4.001,-9.0,6.001,,
 Joseph Gunnar,"Joseph Gunnar & Co., LLC",100,"Joseph Gunnar & Co., LLC",-9.0,-9.0,4.001,-9.0,3.001,3.001,-9.0,,,
Dain Rauscher Wessels,Dain Rauscher Wessels,100,Dain Rauscher Wessels,-9.0,-9.0,7.001,7.001,-9.0,-9.0,-9.0,,,
Deutsche Banc Alex. Brown,Deutsche Banc Alex Brown,100,Deutsche Banc Alex Brown,-9.0,-9.0,9.001,9.001,-9.0,-9.0,-9.0,,,
AG Edwards & Sons,AG Edwards & Sons Inc,100,AG Edwards & Sons Inc,6.5,8.0,7.001,7.001,7.001,7.001,-9.0,-9.0,-9.0,
GS,UBS AG,50,UBS AG,-9.0,-9.0,8.001,-9.0,-9.0,-9.0,-9.0,,,
 HSBC,HSBC,100,HSBC,-9.0,-9.0,8.001,-9.0,-9.0,-9.0,8.001,8.001,8.001,
WestPark Capital,KKR Capital,78,KKR Capital,-9.0,-9.0,-9.0,-9.0,-9.0,-9.0,-9.0,8.001,8.001,
 Mitsubishi UFJ Securities,BA Securities,87,BA Securities,-9.0,-9.0,7.001,-9.0,-9.0,-9.0,-9.0,-9.0,-9.0,
DBAB,Mediobanca,43,Mediobanca,-9.0,-9.0,8.001,-9.0,-9.0,-9.0,-9.0,,,
 AMTD,AMTD Global Markets,100,AMTD Global Markets,-9.0,-9.0,-9.0,-9.0,-9.0,-9.0,-9.0,,7.501,
JMP Securities,BA Securities,87,BA Securities,-9.0,-9.0,7.001,-9.0,-9.0,-9.0,-9.0,-9.0,-9.0,
 J.P. Morgan RBC Capital Markets,RBC Capital Markets,100,RBC Capital Markets,-9.0,-9.0,-9.0,7.001,7.001,8.001,8.001,8.001,8.001,
" Keefe, Bruyette & Woods",Keefe Bruyette & Woods Inc,100,Keefe Bruyette & Woods Inc,-9.0,8.333,7.001,7.001,7.001,7.001,7.001,7.001,,merged with Stifel in 2013
 Goldman Sachs Japan,Goldman Sachs & Co,90,Goldman Sachs & Co,9.0,9.0,9.001,9.001,9.001,9.001,9.001,9.001,9.001,
" Sandler O’Neill + Partners, L.P",Sandler O'Neill Partners,100,Sandler O'Neill Partners,-9.0,-9.0,8.001,8.001,8.001,8.001,7.501,7.501,7.501,
 Itau BBA,Banco Itau-BBA,100,Banco Itau-BBA,-9.0,-9.0,-9.0,-9.0,-9.0,-9.0,7.001,7.001,,
DLJ,DLJdirect,50,DLJdirect,-9.0,-9.0,8.001,-9.0,-9.0,-9.0,-9.0,,,
Morgan Keegan,Morgan Keegan Inc,100,Morgan Keegan Inc,7.001,6.625,7.001,7.001,7.001,7.001,7.001,,,
 Pacific Crest Securities (a division of KeyBanc Capital Markets),KeyBanc Capital Markets ,100,KeyBanc Capital Markets ,-9.0,-9.0,-9.0,-9.0,5.001,5.001,6.001,6.001,,
 Nomura,Nomura Securities New York Inc,100,Nomura Securities New York Inc,-9.0,9.001,9.001,-9.0,-9.0,-9.0,-9.0,,,
 CIBC Capital Markets,AIB Capital Markets,92,AIB Capital Markets,-9.0,-9.0,5.001,-9.0,-9.0,-9.0,-9.0,,,
Golldman Sachs,Goldman Sachs & Co,87,Goldman Sachs & Co,9.0,9.0,9.001,9.001,9.001,9.001,9.001,9.001,9.001,
WR Hambracht+Co.,W.R. Hambrecht & Company,72,W.R. Hambrecht & Company,-9.0,-9.0,7.001,7.001,7.001,7.001,7.001,7.001,,
JonesTrading,Sterling Foster,59,Sterling Foster,-9.0,-9.0,1.001,-9.0,-9.0,-9.0,-9.0,,,
HCFP,HCFP Brenner Securities LLC,100,HCFP Brenner Securities LLC,-9.0,-9.0,5.001,-9.0,-9.0,-9.0,-9.0,,,
DPO (Direct Public Offering),E*Offering Corp,70,E*Offering Corp,-9.0,-9.0,7.001,-9.0,-9.0,-9.0,-9.0,,,
Paulson,Paulson Investment Co,100,Paulson Investment Co,4.0,5.0,3.001,3.001,3.001,3.001,3.001,3.001,,
 Piper Sandle,Piper-Sandler,96,Piper-Sandler,-9.0,-9.0,-9.0,-9.0,-9.0,,,,7.501,
 Stifel Nicolaus,Stifel,100,Stifel,-9.0,-9.0,-9.0,-9.0,-9.0,-9.0,7.001,7.001,7.001,
 SunTrust Robinson Humphrey,SunTrust Robinson Humphrey,100,SunTrust Robinson Humphrey,-9.0,-9.0,-9.0,6.001,6.001,6.001,6.501,6.501,7.001,
BoA Merrill Lynch,Bank of America-Merrill Lynch (BOA-Merrill),100,Bank of America-Merrill Lynch (BOA-Merrill),-9.0,-9.0,-9.0,-9.0,-9.0,-9.0,8.501,8.501,8.501,
 Goldman Sachs (Asia) L.L.C.,Goldman Sachs Asia,100,Goldman Sachs Asia,-9.0,-9.0,-9.0,9.001,9.001,9.001,9.001,9.001,9.001,
 Oppenheimer & Co.,Oppenheimer & Co Inc,100,Oppenheimer & Co Inc,7.5,7.875,8.001,-9.0,7.001,7.001,7.001,7.001,,
" Goldman, Sachs",Goldman Sachs Asia,100,Goldman Sachs Asia,-9.0,-9.0,-9.0,9.001,9.001,9.001,9.001,9.001,9.001,
Aegis Capital ,Aegis Capital,100,Aegis Capital,-9.0,-9.0,4.001,-9.0,-9.0,-9.0,3.001,3.001,3.001,
SG Cowen Securities,Cowen,100,Cowen,-9.0,5.5,7.001,-9.0,7.001,7.001,6.501,7.001,7.001,
 EarlyBirdCapital,Earlybirdcapital Inc,100,Earlybirdcapital Inc,-9.0,-9.0,-9.0,1.001,2.001,3.001,4.001,4.001,5.001,
A.G. Edwards & Sons,AG Edwards & Sons Inc,86,AG Edwards & Sons Inc,6.5,8.0,7.001,7.001,7.001,7.001,-9.0,-9.0,-9.0,
 R. F. Lafferty,R. F. Lafferty,100,R. F. Lafferty,-9.0,2.001,2.001,-9.0,-9.0,-9.0,-9.0,,,
Jesup & Lamont Securities,Jesup & Lamont Securities,100,Jesup & Lamont Securities,0.0,4.001,-9.0,-9.0,3.001,3.001,-9.0,,,
Deutsche Banc Alex Brown,Deutsche Banc Alex Brown,100,Deutsche Banc Alex Brown,-9.0,-9.0,9.001,9.001,-9.0,-9.0,-9.0,,,
CE Unterberg Towbin,CE Unterberg Towbin,100,CE Unterberg Towbin,-9.0,-9.0,6.001,6.001,-9.0,-9.0,-9.0,-9.0,-9.0,
 National Securities,National Securities (Taiwan),100,National Securities (Taiwan),-9.0,-9.0,3.001,-9.0,-9.0,-9.0,-9.0,,,
 Wunderlich Securities,"Wunderlich Securities, Inc.",100,"Wunderlich Securities, Inc.",-9.0,-9.0,-9.0,-9.0,3.001,3.001,4.001,4.001,,
"Sandler O’Neill + Partners, L.P.",Sandler O'Neill Partners,100,Sandler O'Neill Partners,-9.0,-9.0,8.001,8.001,8.001,8.001,7.501,7.501,7.501,
Bear Stearns,Bear Stearns International,100,Bear Stearns International,-9.0,-9.0,8.001,-9.0,-9.0,-9.0,-9.0,-9.0,-9.0,
JPMorgan,JP Morgan (JPM),76,JP Morgan (JPM),-9.0,-9.0,9.001,9.001,9.001,9.001,9.001,9.001,9.001,
Sanders Morris Harris,Sanders Morris Harris Inc,100,Sanders Morris Harris Inc,-9.0,-9.0,-9.0,5.001,-9.0,-9.0,-9.0,,,
 KeyBanc Capital Market,KeyBanc Capital Markets ,98,KeyBanc Capital Markets ,-9.0,-9.0,-9.0,-9.0,5.001,5.001,6.001,6.001,,
UBS,UBS AG,100,UBS AG,-9.0,-9.0,8.001,-9.0,-9.0,-9.0,-9.0,,,
 O’Neill + Partners,Sandler O'Neill Partners,100,Sandler O'Neill Partners,-9.0,-9.0,8.001,8.001,8.001,8.001,7.501,7.501,7.501,
 Jefferies ,Jefferies & Co Inc,100,Jefferies & Co Inc,-9.0,5.333,5.001,5.001,5.001,6.001,8.001,8.001,8.001,
 Jefferies​ ​,Jefferies & Co Inc,100,Jefferies & Co Inc,-9.0,5.333,5.001,5.001,5.001,6.001,8.001,8.001,8.001,
 Morgan Stanley Barclays,Morgan Stanley,100,Morgan Stanley,-9.0,-9.0,-9.0,9.001,-9.0,-9.0,-9.0,,,
Broadband Capital Markets,AB Capital Markets,91,AB Capital Markets,-9.0,-9.0,3.001,-9.0,-9.0,-9.0,-9.0,-9.0,-9.0,
Northland Capital,Northland Capital Markets,100,Northland Capital Markets,-9.0,-9.0,-9.0,-9.0,-9.0,-9.0,-9.0,3.001,,
CLSA CIBC World Markets,CIBC World Markets,100,CIBC World Markets,-9.0,-9.0,8.001,8.001,8.001,8.001,7.501,,,
"Friedman, Billingd Ramsey",Friedman Billings Ramsey & Co,90,Friedman Billings Ramsey & Co,-9.0,-9.0,-9.0,5.001,-9.0,-9.0,-9.0,,,
Barclays Capital,Barclays Capital,100,Barclays Capital,-9.0,-9.0,-9.0,-9.0,8.001,8.001,8.001,8.001,8.001,
SSB,HSBC,57,HSBC,-9.0,-9.0,8.001,-9.0,-9.0,-9.0,8.001,8.001,8.001,
 Deutsche Bank,Deutsche Bank Capital (NY),100,Deutsche Bank Capital (NY),-9.0,9.001,-9.0,-9.0,-9.0,-9.0,-9.0,,,
 Credit Suisse​,Credit Suisse First Boston,100,Credit Suisse First Boston,-9.0,-9.0,9.001,9.001,9.001,9.001,8.501,,,
Maxium CapitalEarlybird Capital,KKR Capital,78,KKR Capital,-9.0,-9.0,-9.0,-9.0,-9.0,-9.0,-9.0,8.001,8.001,
 Simmons & Company International (Energy Specialists of Piper Jaffray),Simmons & Co International,93,Simmons & Co International,-9.0,-9.0,5.001,-9.0,-9.0,-9.0,-9.0,,,
RothCapitalPartners,SPP Capital Partners Inc,70,SPP Capital Partners Inc,-9.0,-9.0,4.001,-9.0,-9.0,-9.0,-9.0,,,
Sun Trust Robinson Humphrey,SunTrust Robinson Humphrey,98,SunTrust Robinson Humphrey,-9.0,-9.0,-9.0,6.001,6.001,6.001,6.501,6.501,7.001,
 WestPark Capital,KKR Capital,78,KKR Capital,-9.0,-9.0,-9.0,-9.0,-9.0,-9.0,-9.0,8.001,8.001,
W.R. Hambrecht+Co.,W.R. Hambrecht & Company,90,W.R. Hambrecht & Company,-9.0,-9.0,7.001,7.001,7.001,7.001,7.001,7.001,,
BofA Merrill Lync,Merrill Lynch & Co Inc,76,Merrill Lynch & Co Inc,-9.0,9.001,9.001,9.001,9.001,9.001,8.501,8.501,8.501,
Piper Sandler,Piper-Sandler,100,Piper-Sandler,-9.0,-9.0,-9.0,-9.0,-9.0,,,,7.501,
 Cowen,Cowen,100,Cowen,-9.0,5.5,7.001,-9.0,7.001,7.001,6.501,7.001,7.001,
 Chardan Capital Markets,"Chardan Capital Markets, LLC",100,"Chardan Capital Markets, LLC",-9.0,-9.0,-9.0,-9.0,2.001,2.001,3.001,3.001,4.001,
 Ping An of China Securities (Hong Kong),Ping An,100,Ping An,-9.0,-9.0,-9.0,-9.0,-9.0,-9.0,-9.0,,8.001,
J.P. Morghan,J.T. Moran,80,J.T. Moran,-9.0,1.001,-9.0,-9.0,-9.0,-9.0,-9.0,,,
AG Edwards,AG Edwards & Sons Inc,100,AG Edwards & Sons Inc,6.5,8.0,7.001,7.001,7.001,7.001,-9.0,-9.0,-9.0,
Goldman Sachs,Goldman Sachs Asia,100,Goldman Sachs Asia,-9.0,-9.0,-9.0,9.001,9.001,9.001,9.001,9.001,9.001,
JP Turner,JP Turner & Co,100,JP Turner & Co,-9.0,-9.0,3.001,-9.0,-9.0,-9.0,-9.0,-9.0,-9.0,
Credit Suisse. Citigroup,Citigroup,100,Citigroup,-9.0,-9.0,-9.0,9.001,9.001,9.001,9.001,9.001,9.001,
Oppenheimer ,Oppenheimer & Co Inc,100,Oppenheimer & Co Inc,7.5,7.875,8.001,-9.0,7.001,7.001,7.001,7.001,,
Keefe Bruyette,Keefe Bruyette & Woods Inc,100,Keefe Bruyette & Woods Inc,-9.0,8.333,7.001,7.001,7.001,7.001,7.001,7.001,,merged with Stifel in 2013
 Barclays Capital,Barclays Capital,100,Barclays Capital,-9.0,-9.0,-9.0,-9.0,8.001,8.001,8.001,8.001,8.001,
Wachovia,Wachovia Bank,100,Wachovia Bank,-9.0,-9.0,7.001,-9.0,-9.0,-9.0,-9.0,,,
 Bair,D. H. Blair,62,D. H. Blair,4.001,4.001,4.001,-9.0,-9.0,-9.0,-9.0,,,
Sterne Agee & Leach,Sterne Agee & Leach Inc,100,Sterne Agee & Leach Inc,-9.0,4.001,5.001,5.001,-9.0,-9.0,5.001,,,acquired by Stifel in 2015
Chardan Capital Markets,"Chardan Capital Markets, LLC",100,"Chardan Capital Markets, LLC",-9.0,-9.0,-9.0,-9.0,2.001,2.001,3.001,3.001,4.001,
"Goldman, Sachs",Goldman Sachs Asia,100,Goldman Sachs Asia,-9.0,-9.0,-9.0,9.001,9.001,9.001,9.001,9.001,9.001,
 Credit Agricole CIB,Credit Agricole Securities (CNCANY),88,Credit Agricole Securities (CNCANY),-9.0,-9.0,-9.0,-9.0,-9.0,-9.0,-9.0,8.001,,
Schneider Securities,"Schneider Securities, Inc.",100,"Schneider Securities, Inc.",-9.0,3.001,3.001,3.001,-9.0,-9.0,-9.0,,,
Ladenburg Thalmann,Ladenburg Thalmann & Co,100,Ladenburg Thalmann & Co,5.0,6.0,6.001,6.001,6.001,6.001,6.001,,,
Joseph Gunnar,"Joseph Gunnar & Co., LLC",100,"Joseph Gunnar & Co., LLC",-9.0,-9.0,4.001,-9.0,3.001,3.001,-9.0,,,
Boustead Securities,BA Securities,87,BA Securities,-9.0,-9.0,7.001,-9.0,-9.0,-9.0,-9.0,-9.0,-9.0,
 Needham & Company,Needham & Co Inc,76,Needham & Co Inc,-9.0,6.0,5.001,5.001,5.001,5.001,-9.0,5.001,5.001,
" Keefe, Bruyette & Woods, Inc. (A Stifel Company)",Keefe Bruyette & Woods Inc,100,Keefe Bruyette & Woods Inc,-9.0,8.333,7.001,7.001,7.001,7.001,7.001,7.001,,merged with Stifel in 2013
 Goldman Sachs (Asia) L.L.C,Goldman Sachs Asia,100,Goldman Sachs Asia,-9.0,-9.0,-9.0,9.001,9.001,9.001,9.001,9.001,9.001,
 Northland Capital Markets,Northland Capital Markets,100,Northland Capital Markets,-9.0,-9.0,-9.0,-9.0,-9.0,-9.0,-9.0,3.001,,
GoldmanSachs,Goldman Sachs & Co,86,Goldman Sachs & Co,9.0,9.0,9.001,9.001,9.001,9.001,9.001,9.001,9.001,
BMN Nesbitt Burns,BMO Nesbitt Burns Inc,89,BMO Nesbitt Burns Inc,-9.0,-9.0,6.001,7.001,-9.0,-9.0,-9.0,,,
Morgan Stanley Dean Witter,Morgan Stanley,100,Morgan Stanley,-9.0,-9.0,-9.0,9.001,-9.0,-9.0,-9.0,,,
First Albany,First Albany,100,First Albany,4.0,6.0,5.001,-9.0,4.001,4.001,-9.0,,,
 BNP PARIBAS,BNP Paribas SA (BNP-CA),100,BNP Paribas SA (BNP-CA),-9.0,-9.0,7.001,-9.0,-9.0,-9.0,8.001,8.001,8.001,
 J. P. Morgan Securities,Wedbush Morgan Securities,89,Wedbush Morgan Securities,-9.0,5.0,5.001,-9.0,4.001,4.001,-9.0,6.001,,
Aegis Capital Corp,Aegis Capital,100,Aegis Capital,-9.0,-9.0,4.001,-9.0,-9.0,-9.0,3.001,3.001,3.001,
McDonald Investments,McDonald Investments,100,McDonald Investments,6.001,6.001,6.001,5.001,-9.0,-9.0,-9.0,,,
 Wells Fargo Securities,Wells Fargo,100,Wells Fargo,-9.0,-9.0,-9.0,-9.0,-9.0,7.001,8.001,8.001,8.001,
 Credit Suisse,Credit Suisse First Boston,100,Credit Suisse First Boston,-9.0,-9.0,9.001,9.001,9.001,9.001,8.501,,,
Stifel Nicolaus Weisel,Stifel,100,Stifel,-9.0,-9.0,-9.0,-9.0,-9.0,-9.0,7.001,7.001,7.001,
 Maxim Group,Maxim Group LLC,100,Maxim Group LLC,-9.0,-9.0,-9.0,2.001,3.001,3.001,3.001,3.001,3.001,
 Feltl and Company,Reinheimer and Company,79,Reinheimer and Company,-9.0,-9.0,4.001,-9.0,-9.0,-9.0,-9.0,,,
Cowen ,Cowen,100,Cowen,-9.0,5.5,7.001,-9.0,7.001,7.001,6.501,7.001,7.001,
HCFB,HSBC,50,HSBC,-9.0,-9.0,8.001,-9.0,-9.0,-9.0,8.001,8.001,8.001,
SANDLER O’NEILL + PARTNERS,Sandler O'Neill Partners,100,Sandler O'Neill Partners,-9.0,-9.0,8.001,8.001,8.001,8.001,7.501,7.501,7.501,
Canter Fitzgerald,"Cantor, Fitzgerald & Co., Inc.",78,"Cantor, Fitzgerald & Co., Inc.",-9.0,-9.0,6.001,6.001,6.001,6.001,6.001,6.001,6.001,
"C.E. Unterberg, Towbin",CE Unterberg Towbin,97,CE Unterberg Towbin,-9.0,-9.0,6.001,6.001,-9.0,-9.0,-9.0,-9.0,-9.0,
 Barclay Capital,Barclays Capital,97,Barclays Capital,-9.0,-9.0,-9.0,-9.0,8.001,8.001,8.001,8.001,8.001,
CRT Capital Group,Wit Capital Group Inc,87,Wit Capital Group Inc,-9.0,-9.0,7.001,-9.0,-9.0,-9.0,-9.0,,,
Keefe Bruyette Woods,Keefe Bruyette & Woods Inc,100,Keefe Bruyette & Woods Inc,-9.0,8.333,7.001,7.001,7.001,7.001,7.001,7.001,,merged with Stifel in 2013
Roth Capital Partners,Roth Capital Partners Inc,100,Roth Capital Partners Inc,-9.0,-9.0,4.001,4.001,4.001,4.001,5.001,5.001,,
CICC,China International Capital Corp (CICC),100,China International Capital Corp (CICC),-9.0,-9.0,7.001,8.001,8.001,8.001,8.001,8.001,8.501,
Ryan Beck,Ryan Beck & Co,100,Ryan Beck & Co,-9.0,7.0,5.001,5.001,-9.0,-9.0,-9.0,,,
 Wedbush PacGrow Life Sciences,Wedbush Securities,60,Wedbush Securities,-9.0,5.001,5.001,-9.0,-9.0,-9.0,-9.0,,,
Broadband Capital Management LLC,Broadband Capital Management,100,Broadband Capital Management,-9.0,-9.0,-9.0,1.001,1.001,1.001,2.001,-9.0,-9.0,
 Tiger Brokers,Tiger Brokers,100,Tiger Brokers,-9.0,-9.0,-9.0,-9.0,-9.0,-9.0,-9.0,,7.001,
DB Alex Brown,Deutsche Banc Alex Brown,87,Deutsche Banc Alex Brown,-9.0,-9.0,9.001,9.001,-9.0,-9.0,-9.0,,,
 China Renaissance,China Renaissance (CRS),100,China Renaissance (CRS),-9.0,-9.0,-9.0,-9.0,-9.0,-9.0,-9.0,7.001,8.001,
"Donaldson, Lufkin & Jenrette",Donaldson Lufkin & Jenrette,100,Donaldson Lufkin & Jenrette,7.0,8.75,9.001,-9.0,-9.0,-9.0,-9.0,,,
" BofAMerrill Lynch, Pierce","Merrill Lynch, Pierce, Fenner",82,"Merrill Lynch, Pierce, Fenner",-9.0,-9.0,9.001,9.001,-9.0,-9.0,-9.0,,,
 Oppenheimer,Oppenheimer & Co Inc,100,Oppenheimer & Co Inc,7.5,7.875,8.001,-9.0,7.001,7.001,7.001,7.001,,
 Itaú BBA,Banco Itau-BBA,67,Banco Itau-BBA,-9.0,-9.0,-9.0,-9.0,-9.0,-9.0,7.001,7.001,,
 SVB Leerink,Leerink-SVB,100,Leerink-SVB,-9.0,-9.0,-9.0,-9.0,-9.0,-9.0,,,7.001,
"Keefe, Bruyette",Keefe Bruyette & Woods Inc,100,Keefe Bruyette & Woods Inc,-9.0,8.333,7.001,7.001,7.001,7.001,7.001,7.001,,merged with Stifel in 2013
 BofA Securities,BA Securities,93,BA Securities,-9.0,-9.0,7.001,-9.0,-9.0,-9.0,-9.0,-9.0,-9.0,
Newbridge Securities,Newbridge Securities,100,Newbridge Securities,-9.0,-9.0,-9.0,2.001,2.001,2.001,2.001,,,
"Ladenburg, Thalmann",Ladenburg Thalmann & Co,100,Ladenburg Thalmann & Co,5.0,6.0,6.001,6.001,6.001,6.001,6.001,,,
 UBS Investment Bank,UBS,100,UBS,-9.0,-9.0,-9.0,8.001,-9.0,-9.0,8.501,,,
Goldman Sachs In't,Goldman Sachs & Co,90,Goldman Sachs & Co,9.0,9.0,9.001,9.001,9.001,9.001,9.001,9.001,9.001,
Morgan Joseph,Morgan-Joseph,100,Morgan-Joseph,-9.0,-9.0,-9.0,-9.0,-9.0,-9.0,4.001,,,
 BMO Capital Market,BMO Capital Markets,97,BMO Capital Markets,-9.0,-9.0,-9.0,-9.0,7.001,7.001,7.001,7.001,7.001,
 Clarkson Capital Markets,AB Capital Markets,91,AB Capital Markets,-9.0,-9.0,3.001,-9.0,-9.0,-9.0,-9.0,-9.0,-9.0,
 RBC Capital Markets,RBC Capital Markets,100,RBC Capital Markets,-9.0,-9.0,-9.0,7.001,7.001,8.001,8.001,8.001,8.001,
Legg Mason,Legg Mason Wood Walker,100,Legg Mason Wood Walker,5.0,7.125,7.001,7.001,7.001,7.001,-9.0,-9.0,-9.0,Legg Mason was acquired by Stifel in 2005
"Goldman, Sachs & Co. ",Goldman Sachs & Co,100,Goldman Sachs & Co,9.0,9.0,9.001,9.001,9.001,9.001,9.001,9.001,9.001,
 Scotia Howard Weil,Howard Weil Labouisse Freid,76,Howard Weil Labouisse Freid,5.0,5.75,5.001,-9.0,-9.0,-9.0,-9.0,,,
 Citigroup,Citigroup Global Markets Inc,100,Citigroup Global Markets Inc,-9.0,-9.0,-9.0,9.001,-9.0,-9.0,9.001,9.001,9.001,
 Wells Fargo Securities ,Wells Fargo,100,Wells Fargo,-9.0,-9.0,-9.0,-9.0,-9.0,7.001,8.001,8.001,8.001,
 Taglich Brothers,"Taglich Brothers, Inc.",100,"Taglich Brothers, Inc.",-9.0,-9.0,-9.0,-9.0,2.001,2.001,-9.0,,,
Broadband Capital Management,Broadband Capital Management,100,Broadband Capital Management,-9.0,-9.0,-9.0,1.001,1.001,1.001,2.001,-9.0,-9.0,
D.A. Davidson & Co.,DA Davidson & Co Inc,85,DA Davidson & Co Inc,5.001,4.375,5.001,-9.0,4.001,4.001,-9.0,5.001,,
 Evercore ISI ,Evercore,100,Evercore,-9.0,-9.0,-9.0,-9.0,-9.0,-9.0,-9.0,7.001,7.001,
 William Blair,William Blair & Co,100,William Blair & Co,5.0,7.875,7.001,7.001,7.001,7.001,7.001,7.001,,
Aegis Capital Corp.,Aegis Capital,100,Aegis Capital,-9.0,-9.0,4.001,-9.0,-9.0,-9.0,3.001,3.001,3.001,
Prudential Securities,Prudential-Bache Securities,100,Prudential-Bache Securities,8.001,8.001,-9.0,-9.0,-9.0,-9.0,-9.0,,,
Pali Capital,"Pali Capital, Inc.",100,"Pali Capital, Inc.",-9.0,-9.0,-9.0,-9.0,2.001,2.001,-9.0,,,
 Ladenburg Thalmann,Ladenburg Thalmann & Co,100,Ladenburg Thalmann & Co,5.0,6.0,6.001,6.001,6.001,6.001,6.001,,,
 Stifel,Stifel,100,Stifel,-9.0,-9.0,-9.0,-9.0,-9.0,-9.0,7.001,7.001,7.001,
Bear Streans,Bear Stearns & Co Inc,71,Bear Stearns & Co Inc,8.0,8.75,8.001,8.001,8.001,8.001,-9.0,-9.0,-9.0,
 ViewTrade Securities,BA Securities,87,BA Securities,-9.0,-9.0,7.001,-9.0,-9.0,-9.0,-9.0,-9.0,-9.0,
Dahlman Rose,Dahlman-Rose,100,Dahlman-Rose,-9.0,-9.0,-9.0,-9.0,-9.0,-9.0,7.001,,,
Evercore ISI,Evercore,100,Evercore,-9.0,-9.0,-9.0,-9.0,-9.0,-9.0,-9.0,7.001,7.001,
Cohen ,"Adams, Cohen",100,"Adams, Cohen",-9.0,5.001,6.001,-9.0,-9.0,-9.0,-9.0,-9.0,-9.0,
MSDW,Mesirow,55,Mesirow,-9.0,4.75,-9.0,-9.0,-9.0,-9.0,-9.0,,,
"Friedman, Billings",Friedman Billings Ramsey Group,100,Friedman Billings Ramsey Group,-9.0,-9.0,5.001,5.001,5.001,5.001,5.001,5.001,,
 Leerink Partners,Leerink-SVB,78,Leerink-SVB,-9.0,-9.0,-9.0,-9.0,-9.0,-9.0,,,7.001,
Stanford Group,Stanford Group,100,Stanford Group,-9.0,-9.0,-9.0,-9.0,5.001,5.001,-9.0,,,
 SOCIETE ,Societe Generale Securities,100,Societe Generale Securities,-9.0,-9.0,7.001,-9.0,-9.0,-9.0,7.001,,,
Legg Mason Wood Walker,Legg Mason Wood Walker,100,Legg Mason Wood Walker,5.0,7.125,7.001,7.001,7.001,7.001,-9.0,-9.0,-9.0,Legg Mason was acquired by Stifel in 2005
Wedbush Morgan,Wedbush Morgan Securities,100,Wedbush Morgan Securities,-9.0,5.0,5.001,-9.0,4.001,4.001,-9.0,6.001,,
Citigroup Capital Markets,Citigroup,100,Citigroup,-9.0,-9.0,-9.0,9.001,9.001,9.001,9.001,9.001,9.001,
Maxin Group,Maxim Group LLC,77,Maxim Group LLC,-9.0,-9.0,-9.0,2.001,3.001,3.001,3.001,3.001,3.001,
WR Hambrecht + Co.,W.R. Hambrecht & Company,78,W.R. Hambrecht & Company,-9.0,-9.0,7.001,7.001,7.001,7.001,7.001,7.001,,
Maxim Group ,Maxim Group LLC,100,Maxim Group LLC,-9.0,-9.0,-9.0,2.001,3.001,3.001,3.001,3.001,3.001,
W.R. Hambrecht + Co.,W.R. Hambrecht & Company,90,W.R. Hambrecht & Company,-9.0,-9.0,7.001,7.001,7.001,7.001,7.001,7.001,,
LG Investment & Securities,LG Investment & Securities,100,LG Investment & Securities,-9.0,-9.0,5.001,-9.0,-9.0,-9.0,-9.0,,,
​J.P. Morgan,JP Morgan (JPM),87,JP Morgan (JPM),-9.0,-9.0,9.001,9.001,9.001,9.001,9.001,9.001,9.001,
Citigroup,Citigroup Global Markets Inc,100,Citigroup Global Markets Inc,-9.0,-9.0,-9.0,9.001,-9.0,-9.0,9.001,9.001,9.001,
UBS Investment Bank,UBS,100,UBS,-9.0,-9.0,-9.0,8.001,-9.0,-9.0,8.501,,,
Deuteche Bank,Deutsche Bank AG,83,Deutsche Bank AG,-9.0,-9.0,9.001,9.001,-9.0,-9.0,-9.0,,,
 J. P. Morgan,JP Morgan (JPM),87,JP Morgan (JPM),-9.0,-9.0,9.001,9.001,9.001,9.001,9.001,9.001,9.001,
Merrill Lymch,Merrill Lynch & Co Inc,73,Merrill Lynch & Co Inc,-9.0,9.001,9.001,9.001,9.001,9.001,8.501,8.501,8.501,
KKR,KKR Capital,100,KKR Capital,-9.0,-9.0,-9.0,-9.0,-9.0,-9.0,-9.0,8.001,8.001,
 Haitong International,Haitong International,100,Haitong International,,,,,,,,,8.001,
Lynch,Merrill Lynch White Weld Cptl,100,Merrill Lynch White Weld Cptl,9.0,8.875,-9.0,-9.0,-9.0,-9.0,-9.0,,,
Punk Ziegel,Punk Ziegel & Knoell,100,Punk Ziegel & Knoell,-9.0,-9.0,6.001,-9.0,-9.0,-9.0,-9.0,,,
I-Baners,ING Barings,63,ING Barings,-9.0,-9.0,7.001,7.001,-9.0,-9.0,-9.0,,,
Canaccord Genuity,Canaccord Genuity,100,Canaccord Genuity,-9.0,-9.0,-9.0,-9.0,-9.0,-9.0,6.001,6.001,,
Creidt Suisse,Credit Suisse,92,Credit Suisse,-9.0,-9.0,-9.0,-9.0,-9.0,-9.0,-9.0,8.501,8.501,
National Securities,National Securities (Taiwan),100,National Securities (Taiwan),-9.0,-9.0,3.001,-9.0,-9.0,-9.0,-9.0,,,
I-Bankers Securities ,I-Bankers Securities Inc,100,I-Bankers Securities Inc,-9.0,-9.0,3.001,2.001,2.001,2.001,2.001,,,
Wunderlich Securities,"Wunderlich Securities, Inc.",100,"Wunderlich Securities, Inc.",-9.0,-9.0,-9.0,-9.0,3.001,3.001,4.001,4.001,,
 I-Bankers,I-Bankers Securities Inc,100,I-Bankers Securities Inc,-9.0,-9.0,3.001,2.001,2.001,2.001,2.001,,,
 GoldmanSachs,Goldman Sachs & Co,86,Goldman Sachs & Co,9.0,9.0,9.001,9.001,9.001,9.001,9.001,9.001,9.001,
 BofAMerrill Lynch,Merrill Lynch & Co Inc,76,Merrill Lynch & Co Inc,-9.0,9.001,9.001,9.001,9.001,9.001,8.501,8.501,8.501,
First Van Kasper,First Security Van Kasper & Co,100,First Security Van Kasper & Co,-9.0,-9.0,6.001,-9.0,-9.0,-9.0,-9.0,,,
Brenner - Morgan Joseph,Morgan-Joseph,100,Morgan-Joseph,-9.0,-9.0,-9.0,-9.0,-9.0,-9.0,4.001,,,
Jefferies,Jefferies & Co Inc,100,Jefferies & Co Inc,-9.0,5.333,5.001,5.001,5.001,6.001,8.001,8.001,8.001,
JP Morgan,JP Morgan (JPM),100,JP Morgan (JPM),-9.0,-9.0,9.001,9.001,9.001,9.001,9.001,9.001,9.001,
EarlyBird Capital,KKR Capital,78,KKR Capital,-9.0,-9.0,-9.0,-9.0,-9.0,-9.0,-9.0,8.001,8.001,
CIBC Capital Markets,AIB Capital Markets,92,AIB Capital Markets,-9.0,-9.0,5.001,-9.0,-9.0,-9.0,-9.0,,,
 Evercore,Evercore,100,Evercore,-9.0,-9.0,-9.0,-9.0,-9.0,-9.0,-9.0,7.001,7.001,
J.P.  Morgan,JP Morgan (JPM),87,JP Morgan (JPM),-9.0,-9.0,9.001,9.001,9.001,9.001,9.001,9.001,9.001,
" Keefe, Bruyette & Woods (A Stifel Company​)",Stifel,100,Stifel,-9.0,-9.0,-9.0,-9.0,-9.0,-9.0,7.001,7.001,7.001,
Cit,Cial,57,Cial,-9.0,-9.0,3.001,-9.0,-9.0,-9.0,-9.0,,,
Stifel Niclous Weisel,Stifel,100,Stifel,-9.0,-9.0,-9.0,-9.0,-9.0,-9.0,7.001,7.001,7.001,
AG Edwrads,AG Edwards & Sons Inc,62,AG Edwards & Sons Inc,6.5,8.0,7.001,7.001,7.001,7.001,-9.0,-9.0,-9.0,
 Huatai Securities (USA),BA Securities,87,BA Securities,-9.0,-9.0,7.001,-9.0,-9.0,-9.0,-9.0,-9.0,-9.0,
BBVA,Evans,44,Evans,-9.0,6.5,-9.0,-9.0,-9.0,-9.0,-9.0,,,
 Prime Number Capital,Prime Number Capital,100,Prime Number Capital,-9.0,-9.0,-9.0,-9.0,-9.0,-9.0,-9.0,,7.001,
 China Merchants Securities (HK),China Merchants Securities,100,China Merchants Securities,-9.0,-9.0,-9.0,-9.0,-9.0,-9.0,-9.0,-9.0,4.001,
The Benchmark Company,The Benchmark Company,100,The Benchmark Company,-9.0,-9.0,-9.0,-9.0,-9.0,-9.0,-9.0,,4.001,
 Goldma Sachs,Goldman Sachs & Co,86,Goldman Sachs & Co,9.0,9.0,9.001,9.001,9.001,9.001,9.001,9.001,9.001,
 The Benchmark Company,The Benchmark Company,100,The Benchmark Company,-9.0,-9.0,-9.0,-9.0,-9.0,-9.0,-9.0,,4.001,
Sandler O'Neill,Sandler O'Neill Partners,100,Sandler O'Neill Partners,-9.0,-9.0,8.001,8.001,8.001,8.001,7.501,7.501,7.501,
EarlyBirdCapital ,Earlybirdcapital Inc,100,Earlybirdcapital Inc,-9.0,-9.0,-9.0,1.001,2.001,3.001,4.001,4.001,5.001,
Lehman Brothers,Shearson Lehman Brothers,100,Shearson Lehman Brothers,-9.0,8.833,9.001,-9.0,-9.0,-9.0,-9.0,,,
" Keefe, Bruyette & Woods ",Keefe Bruyette & Woods Inc,100,Keefe Bruyette & Woods Inc,-9.0,8.333,7.001,7.001,7.001,7.001,7.001,7.001,,merged with Stifel in 2013
 Cuttone,Roney & Co,53,Roney & Co,-9.0,4.75,5.001,-9.0,-9.0,-9.0,-9.0,,,
 Scotiabank,Commerzbank AG,50,Commerzbank AG,-9.0,-9.0,7.001,-9.0,-9.0,-9.0,-9.0,-9.0,-9.0,
​Credit Suisse,Credit Suisse First Boston,100,Credit Suisse First Boston,-9.0,-9.0,9.001,9.001,9.001,9.001,8.501,,,
"Network 1 Financial Securities,",Network 1 Financial Securities,100,Network 1 Financial Securities,-9.0,-9.0,3.001,-9.0,-9.0,-9.0,-9.0,,,
Merrill Lnych,Merrill Lynch & Co Inc,73,Merrill Lynch & Co Inc,-9.0,9.001,9.001,9.001,9.001,9.001,8.501,8.501,8.501,
 William Blair ,William Blair & Co,100,William Blair & Co,5.0,7.875,7.001,7.001,7.001,7.001,7.001,7.001,,
 Cantor Fitzgerald,"Cantor, Fitzgerald & Co., Inc.",100,"Cantor, Fitzgerald & Co., Inc.",-9.0,-9.0,6.001,6.001,6.001,6.001,6.001,6.001,6.001,
J.P. Morgan Securities Merrill Lynch,BA Securities,87,BA Securities,-9.0,-9.0,7.001,-9.0,-9.0,-9.0,-9.0,-9.0,-9.0,
Chardan,"Chardan Capital Markets, LLC",100,"Chardan Capital Markets, LLC",-9.0,-9.0,-9.0,-9.0,2.001,2.001,3.001,3.001,4.001,
Roth Capital,Roth Capital Partners Inc,100,Roth Capital Partners Inc,-9.0,-9.0,4.001,4.001,4.001,4.001,5.001,5.001,,
 MUFG,Emanuel,36,Emanuel,-9.0,2.001,2.001,-9.0,-9.0,-9.0,-9.0,,,
" Goldman, Sachs ",Goldman Sachs Asia,100,Goldman Sachs Asia,-9.0,-9.0,-9.0,9.001,9.001,9.001,9.001,9.001,9.001,
Citi,Citigroup,62,Citigroup,-9.0,-9.0,-9.0,9.001,9.001,9.001,9.001,9.001,9.001,
ML,Mikal,57,Mikal,-9.0,2.001,-9.0,-9.0,-9.0,-9.0,-9.0,,,
 BofA Merrill Lynch​,Merrill Lynch White Weld Cptl,84,Merrill Lynch White Weld Cptl,9.0,8.875,-9.0,-9.0,-9.0,-9.0,-9.0,,,
 FBR Capital Markets,AB Capital Markets,92,AB Capital Markets,-9.0,-9.0,3.001,-9.0,-9.0,-9.0,-9.0,-9.0,-9.0,
Noble International Investments,Noble International Investment,98,Noble International Investment,-9.0,-9.0,3.001,-9.0,-9.0,-9.0,-9.0,,,
Morgan Stanley Dean Witter & China Intl.,Morgan Stanley,100,Morgan Stanley,-9.0,-9.0,-9.0,9.001,-9.0,-9.0,-9.0,,,
 Barclay,"Barclay Investments, Inc.",100,"Barclay Investments, Inc.",-9.0,5.001,7.001,-9.0,-9.0,-9.0,8.001,,,
Pacific Growth Equities ,Pacific Growth Equities Inc,100,Pacific Growth Equities Inc,-9.0,-9.0,1.001,4.001,4.001,4.001,-9.0,,,
PrinceRidge,C&CO/PrinceRidge,100,C&CO/PrinceRidge,-9.0,-9.0,-9.0,-9.0,-9.0,-9.0,-9.0,5.001,,
BofA Merril Lynch,Merrill Lynch & Co Inc,76,Merrill Lynch & Co Inc,-9.0,9.001,9.001,9.001,9.001,9.001,8.501,8.501,8.501,
Keeye Bruyette & Woods,Keefe Bruyette & Woods Inc,86,Keefe Bruyette & Woods Inc,-9.0,8.333,7.001,7.001,7.001,7.001,7.001,7.001,,merged with Stifel in 2013
 Roth Capital Partners​,Roth Capital Partners Inc,100,Roth Capital Partners Inc,-9.0,-9.0,4.001,4.001,4.001,4.001,5.001,5.001,,
"Keefe, Bruyette & Woods (A Stifel Company) Sandler O'Neill + Partners",Stifel,100,Stifel,-9.0,-9.0,-9.0,-9.0,-9.0,-9.0,7.001,7.001,7.001,
Utendhal Capital Partners,Utendahl Capital Partners,96,Utendahl Capital Partners,-9.0,-9.0,6.001,-9.0,-9.0,-9.0,-9.0,,,
Pactual Capital,Pactual Capital Corporation,100,Pactual Capital Corporation,-9.0,-9.0,-9.0,7.001,-9.0,-9.0,-9.0,,,
Sandler O'Neill + Partners,Sandler O'Neill Partners,100,Sandler O'Neill Partners,-9.0,-9.0,8.001,8.001,8.001,8.001,7.501,7.501,7.501,
Oppenheimer,Oppenheimer & Co Inc,100,Oppenheimer & Co Inc,7.5,7.875,8.001,-9.0,7.001,7.001,7.001,7.001,,
Scott & Stringfellow,Scott & Stringfellow Financial,100,Scott & Stringfellow Financial,4.001,5.5,6.001,-9.0,5.001,5.001,-9.0,,,
 UBS Investment Ban,UBS,100,UBS,-9.0,-9.0,-9.0,8.001,-9.0,-9.0,8.501,,,
Piper Jafray,Piper Jaffray Inc,83,Piper Jaffray Inc,-9.0,-9.0,7.001,-9.0,7.001,7.001,7.501,7.501,7.501,
 CICC ,China International Capital Corp (CICC),100,China International Capital Corp (CICC),-9.0,-9.0,7.001,8.001,8.001,8.001,8.001,8.001,8.501,
 Sandler O’Neill + Partners,Sandler O'Neill Partners,100,Sandler O'Neill Partners,-9.0,-9.0,8.001,8.001,8.001,8.001,7.501,7.501,7.501,
CS First Boston ,CS First Boston,100,CS First Boston,-9.0,-9.0,9.001,-9.0,-9.0,-9.0,-9.0,,,
 Wachovia Securities,Wachovia Securities Inc,100,Wachovia Securities Inc,-9.0,-9.0,7.001,7.001,7.001,7.001,-9.0,,,
Santander,Santander Investment Bank,100,Santander Investment Bank,-9.0,-9.0,7.001,-9.0,-9.0,9.001,7.501,8.001,8.001,
"Keefe, Bruyette & Woods (A Stifel Company)",Stifel,100,Stifel,-9.0,-9.0,-9.0,-9.0,-9.0,-9.0,7.001,7.001,7.001,
 Roth Capital Partners ,Roth Capital Partners Inc,100,Roth Capital Partners Inc,-9.0,-9.0,4.001,4.001,4.001,4.001,5.001,5.001,,
SunTrust Robinson,SunTrust Robinson Humphrey,100,SunTrust Robinson Humphrey,-9.0,-9.0,-9.0,6.001,6.001,6.001,6.501,6.501,7.001,
 Markets Lake Street,State Street Capital Markets,85,State Street Capital Markets,-9.0,-9.0,3.001,-9.0,-9.0,-9.0,-9.0,,,
Simmons & Company,Simmons & Co,82,Simmons & Co,-9.0,-9.0,5.001,-9.0,-9.0,-9.0,-9.0,6.001,,
 Credit Suisse ,Credit Suisse First Boston,100,Credit Suisse First Boston,-9.0,-9.0,9.001,9.001,9.001,9.001,8.501,,,
SG Cowen,Cowen,100,Cowen,-9.0,5.5,7.001,-9.0,7.001,7.001,6.501,7.001,7.001,
Wunderlich,"Wunderlich Securities, Inc.",100,"Wunderlich Securities, Inc.",-9.0,-9.0,-9.0,-9.0,3.001,3.001,4.001,4.001,,
Wells Fargo Securities,Wells Fargo,100,Wells Fargo,-9.0,-9.0,-9.0,-9.0,-9.0,7.001,8.001,8.001,8.001,
Needham & Company,Needham & Co Inc,76,Needham & Co Inc,-9.0,6.0,5.001,5.001,5.001,5.001,-9.0,5.001,5.001,
Rodman Renshaw,Rodman & Renshaw Inc,100,Rodman & Renshaw Inc,-9.0,5.5,2.001,-9.0,2.001,2.001,2.001,,,
Jefferies & Company,Ferris & Company,84,Ferris & Company,5.001,5.13,5.001,-9.0,-9.0,-9.0,-9.0,,,
A.G. Edwards,Spencer Edwards,78,Spencer Edwards,-9.0,-9.0,3.001,3.001,-9.0,-9.0,-9.0,,,
 BMO Capital Markets​,BMO Capital Markets,100,BMO Capital Markets,-9.0,-9.0,-9.0,-9.0,7.001,7.001,7.001,7.001,7.001,
Janney Montgomery Scott,Janney Montgomery Scott Inc,100,Janney Montgomery Scott Inc,5.0,6.0,7.001,7.001,5.001,5.001,-9.0,,,
​ Citigroup,Citigroup Global Markets Inc,100,Citigroup Global Markets Inc,-9.0,-9.0,-9.0,9.001,-9.0,-9.0,9.001,9.001,9.001,
J.P.Morgan,JP Morgan (JPM),87,JP Morgan (JPM),-9.0,-9.0,9.001,9.001,9.001,9.001,9.001,9.001,9.001,
 Craig-Hallum Capital Group,"Craig-Hallum, Inc.",86,"Craig-Hallum, Inc.",4.0,4.5,4.001,-9.0,4.001,4.001,-9.0,,,
Northland Capital Markets,Northland Capital Markets,100,Northland Capital Markets,-9.0,-9.0,-9.0,-9.0,-9.0,-9.0,-9.0,3.001,,
Ladenberg Thalman,Ladenburg Thalmann & Co,84,Ladenburg Thalmann & Co,5.0,6.0,6.001,6.001,6.001,6.001,6.001,,,
AMTD Global Markets,AMTD Global Markets,100,AMTD Global Markets,-9.0,-9.0,-9.0,-9.0,-9.0,-9.0,-9.0,,7.501,
W.R. Hambrecht,W.R. Hambrecht & Company,100,W.R. Hambrecht & Company,-9.0,-9.0,7.001,7.001,7.001,7.001,7.001,7.001,,
 Simmons & Company,Simmons & Co,82,Simmons & Co,-9.0,-9.0,5.001,-9.0,-9.0,-9.0,-9.0,6.001,,
Imperial Capital,Imperial-Cap,86,Imperial-Cap,-9.0,-9.0,-9.0,-9.0,-9.0,-9.0,4.001,,,
"MDB Capital Group, LLC",MDB-Capital,100,MDB-Capital,-9.0,-9.0,-9.0,-9.0,-9.0,-9.0,2.001,4.001,,
RBC Capital Markets,RBC Capital Markets,100,RBC Capital Markets,-9.0,-9.0,-9.0,7.001,7.001,8.001,8.001,8.001,8.001,
CIBC World Markets,CIBC World Markets,100,CIBC World Markets,-9.0,-9.0,8.001,8.001,8.001,8.001,7.501,,,
I-Bankers,I-Bankers Securities Inc,100,I-Bankers Securities Inc,-9.0,-9.0,3.001,2.001,2.001,2.001,2.001,,,
W.R. Hambrecht+Co,W.R. Hambrecht & Company,90,W.R. Hambrecht & Company,-9.0,-9.0,7.001,7.001,7.001,7.001,7.001,7.001,,
GunnAllen Financial,GunnAllen Financial Inc,100,GunnAllen Financial Inc,-9.0,-9.0,3.001,3.001,3.001,3.001,-9.0,,,
"Ferris, Baker Watts","Ferris, Baker Watts",100,"Ferris, Baker Watts",-9.0,-9.0,5.001,5.001,5.001,5.001,-9.0,,,
Stifel Nicolas,Stifel,100,Stifel,-9.0,-9.0,-9.0,-9.0,-9.0,-9.0,7.001,7.001,7.001,
Univest Securities,Univest Securities,100,Univest Securities,-9.0,-9.0,-9.0,-9.0,-9.0,-9.0,-9.0,,3.001,
Cantor,"Cantor, Fitzgerald & Co., Inc.",100,"Cantor, Fitzgerald & Co., Inc.",-9.0,-9.0,6.001,6.001,6.001,6.001,6.001,6.001,6.001,
Maxim Group,Maxim Group LLC,100,Maxim Group LLC,-9.0,-9.0,-9.0,2.001,3.001,3.001,3.001,3.001,3.001,
 J.P. Morgan,JP Morgan (JPM),87,JP Morgan (JPM),-9.0,-9.0,9.001,9.001,9.001,9.001,9.001,9.001,9.001,
 Canaccord Genuity,Canaccord Genuity,100,Canaccord Genuity,-9.0,-9.0,-9.0,-9.0,-9.0,-9.0,6.001,6.001,,
" Sandler O’Neill + Partners, L.P.",Sandler O'Neill Partners,100,Sandler O'Neill Partners,-9.0,-9.0,8.001,8.001,8.001,8.001,7.501,7.501,7.501,
William Blair,William Blair & Co,100,William Blair & Co,5.0,7.875,7.001,7.001,7.001,7.001,7.001,7.001,,
 BB&T Capital Markets,BB&T Capital Markets,100,BB&T Capital Markets,-9.0,-9.0,7.001,7.001,6.001,6.001,6.001,-9.0,-9.0,
Raymond James,Raymond James & Associates Inc,100,Raymond James & Associates Inc,4.0,5.625,7.001,7.001,7.001,7.001,7.001,7.501,7.501,
 SMBC Nikko,Nikko Securities (Europe),67,Nikko Securities (Europe),-9.0,-9.0,7.001,-9.0,-9.0,-9.0,-9.0,,,
ING Barings,ING,100,ING,-9.0,-9.0,-9.0,7.001,-9.0,-9.0,-9.0,,,
Burnham Securities,Burnham Securities Inc,100,Burnham Securities Inc,-9.0,-9.0,5.001,-9.0,-9.0,-9.0,-9.0,3.001,,
 Roth Capital Partners,Roth Capital Partners Inc,100,Roth Capital Partners Inc,-9.0,-9.0,4.001,4.001,4.001,4.001,5.001,5.001,,
CSFirst Boston,CS First Boston,97,CS First Boston,-9.0,-9.0,9.001,-9.0,-9.0,-9.0,-9.0,,,
"Keefe, Bruyette & Woods (A Stifel Company )",Stifel,100,Stifel,-9.0,-9.0,-9.0,-9.0,-9.0,-9.0,7.001,7.001,7.001,
Somerset Financial,Somerset Financial Group Inc,100,Somerset Financial Group Inc,-9.0,-9.0,-9.0,3.001,-9.0,-9.0,-9.0,,,
 Summer Street Research Partners,Summer Street,100,Summer Street,-9.0,-9.0,-9.0,-9.0,-9.0,-9.0,-9.0,3.001,,
 UBS Securitie,UBS,100,UBS,-9.0,-9.0,-9.0,8.001,-9.0,-9.0,8.501,,,
CIBC Worldmarkets,CIBC World Markets,69,CIBC World Markets,-9.0,-9.0,8.001,8.001,8.001,8.001,7.501,,,
UBS Investment Trust,UBS,100,UBS,-9.0,-9.0,-9.0,8.001,-9.0,-9.0,8.501,,,
Laidlaw & Company (UK) Ltd.,Gunn & Company,74,Gunn & Company,-9.0,-9.0,3.001,-9.0,-9.0,-9.0,-9.0,,,
CF First Boston,CS First Boston,93,CS First Boston,-9.0,-9.0,9.001,-9.0,-9.0,-9.0,-9.0,,,
Barclay Capital,Barclays Capital,97,Barclays Capital,-9.0,-9.0,-9.0,-9.0,8.001,8.001,8.001,8.001,8.001,
 Robert W. Baird,Robert W Baird & Co Inc,100,Robert W Baird & Co Inc,6.5,5.75,7.001,7.001,7.001,7.001,-9.0,,,
 Cowen ,Cowen,100,Cowen,-9.0,5.5,7.001,-9.0,7.001,7.001,6.501,7.001,7.001,
 Dahlman Rose,Dahlman-Rose,100,Dahlman-Rose,-9.0,-9.0,-9.0,-9.0,-9.0,-9.0,7.001,,,
Ferris Baker Watts,"Ferris, Baker Watts",100,"Ferris, Baker Watts",-9.0,-9.0,5.001,5.001,5.001,5.001,-9.0,,,
"Goldman Sachs,",Goldman Sachs Asia,100,Goldman Sachs Asia,-9.0,-9.0,-9.0,9.001,9.001,9.001,9.001,9.001,9.001,
The Shemano Group,Shemano Group,100,Shemano Group,-9.0,-9.0,-9.0,4.001,-9.0,-9.0,-9.0,,,
EarlyBirdCapital,Earlybirdcapital Inc,100,Earlybirdcapital Inc,-9.0,-9.0,-9.0,1.001,2.001,3.001,4.001,4.001,5.001,
"Baird, BMO Capital Markets, Janney Montgomery Scott",BMO Capital Markets,100,BMO Capital Markets,-9.0,-9.0,-9.0,-9.0,7.001,7.001,7.001,7.001,7.001,
Roberston Stephens,Robertson Stephens & Co,87,Robertson Stephens & Co,-9.0,8.75,8.001,-9.0,-9.0,-9.0,-9.0,,,
 Deutsche Bank Securities,Deutsche Bank Securities Corp,100,Deutsche Bank Securities Corp,-9.0,-9.0,9.001,9.001,9.001,9.001,8.501,8.501,8.501,
 B. Riley & Co.,B-Riley,100,B-Riley,,,,,,,5.001,5.001,5.001,
 Sandler ONeill & Partners,Sandler O'Neill Partners,94,Sandler O'Neill Partners,-9.0,-9.0,8.001,8.001,8.001,8.001,7.501,7.501,7.501,
"Global Hunter Securities, LLC",Global-Hunter,100,Global-Hunter,-9.0,-9.0,-9.0,-9.0,-9.0,-9.0,6.001,,,
 Merrill Lynch,Merrill Lynch White Weld Cptl,100,Merrill Lynch White Weld Cptl,9.0,8.875,-9.0,-9.0,-9.0,-9.0,-9.0,,,
 Guggenheim Securities ,Guggenheim Securities,100,Guggenheim Securities,-9.0,-9.0,-9.0,-9.0,-9.0,-9.0,-9.0,7.001,,
Joseph Gunnar & Co.,"Joseph Gunnar & Co., LLC",100,"Joseph Gunnar & Co., LLC",-9.0,-9.0,4.001,-9.0,3.001,3.001,-9.0,,,
" Sandler O'Neill + Partners, L.P.",Sandler O'Neill Partners,100,Sandler O'Neill Partners,-9.0,-9.0,8.001,8.001,8.001,8.001,7.501,7.501,7.501,
Allen & Co.,"Elliot Allen & Co., Inc.",100,"Elliot Allen & Co., Inc.",-9.0,-9.0,3.001,-9.0,-9.0,-9.0,-9.0,,,
Alexander Capital,KKR Capital,78,KKR Capital,-9.0,-9.0,-9.0,-9.0,-9.0,-9.0,-9.0,8.001,8.001,
 UBS Securities,UBS,100,UBS,-9.0,-9.0,-9.0,8.001,-9.0,-9.0,8.501,,,
 Deutsche Bank  Securities,Deutsche Bank Securities Corp,100,Deutsche Bank Securities Corp,-9.0,-9.0,9.001,9.001,9.001,9.001,8.501,8.501,8.501,
 Stife,Stifel,91,Stifel,-9.0,-9.0,-9.0,-9.0,-9.0,-9.0,7.001,7.001,7.001,
 Evercore ISI,Evercore,100,Evercore,-9.0,-9.0,-9.0,-9.0,-9.0,-9.0,-9.0,7.001,7.001,
 VTB Capital,MDB-Capital,82,MDB-Capital,-9.0,-9.0,-9.0,-9.0,-9.0,-9.0,2.001,4.001,,
" Keefe, Bruyette & Woods (A Stifel Company)",Stifel,100,Stifel,-9.0,-9.0,-9.0,-9.0,-9.0,-9.0,7.001,7.001,7.001,
 UBS Investment Bank (In alphabetical order),UBS,100,UBS,-9.0,-9.0,-9.0,8.001,-9.0,-9.0,8.501,,,
 BTIG,BTIG,100,BTIG,-9.0,-9.0,-9.0,-9.0,-9.0,-9.0,-9.0,6.001,6.501,
Pali,"Pali Capital, Inc.",100,"Pali Capital, Inc.",-9.0,-9.0,-9.0,-9.0,2.001,2.001,-9.0,,,
Sun Trust,Artoc Bank and Trust,71,Artoc Bank and Trust,2.001,-9.0,-9.0,-9.0,-9.0,-9.0,-9.0,,,
 Guggenheim Securities,Guggenheim Securities,100,Guggenheim Securities,-9.0,-9.0,-9.0,-9.0,-9.0,-9.0,-9.0,7.001,,
 Dowling & Partners Securities,BA Securities,87,BA Securities,-9.0,-9.0,7.001,-9.0,-9.0,-9.0,-9.0,-9.0,-9.0,
William Blair & Company,William Blair & Co,90,William Blair & Co,5.0,7.875,7.001,7.001,7.001,7.001,7.001,7.001,,
 D.A. Davidson,Kashner Davidson Securities,80,Kashner Davidson Securities,-9.0,3.001,3.001,3.001,-9.0,-9.0,-9.0,-9.0,-9.0,
FBR Capital Markets,AB Capital Markets,92,AB Capital Markets,-9.0,-9.0,3.001,-9.0,-9.0,-9.0,-9.0,-9.0,-9.0,
Piper Jafftay,Piper Jaffray Inc,80,Piper Jaffray Inc,-9.0,-9.0,7.001,-9.0,7.001,7.001,7.501,7.501,7.501,
Merril Lynch,Merrill Lynch & Co Inc,75,Merrill Lynch & Co Inc,-9.0,9.001,9.001,9.001,9.001,9.001,8.501,8.501,8.501,
Johnson Rice,Johnson Rice & Co,100,Johnson Rice & Co,-9.0,4.001,4.001,-9.0,4.001,4.001,4.001,4.001,,
FBR,B-Riley-FBR,100,B-Riley-FBR,-9.0,-9.0,-9.0,-9.0,-9.0,-9.0,-9.0,,5.001,
Craig-Hallum Capital,"Craig-Hallum, Inc.",86,"Craig-Hallum, Inc.",4.0,4.5,4.001,-9.0,4.001,4.001,-9.0,,,
 Morgan Stanley​,Morgan Stanley,100,Morgan Stanley,-9.0,-9.0,-9.0,9.001,-9.0,-9.0,-9.0,,,
 Dominick & Dominick,Dominick,100,Dominick,-9.0,-9.0,-9.0,-9.0,-9.0,-9.0,3.001,,,
JMP Securitites,Kemper Securities,81,Kemper Securities,-9.0,4.001,6.001,-9.0,-9.0,-9.0,-9.0,,,
" RBC Capital Markets, LLC",RBC Capital Markets,100,RBC Capital Markets,-9.0,-9.0,-9.0,7.001,7.001,8.001,8.001,8.001,8.001,
 CLSA,McLarty,55,McLarty,4.001,-9.0,-9.0,-9.0,-9.0,-9.0,-9.0,,,
 Duetsche Bank,Deutsche Bank AG,83,Deutsche Bank AG,-9.0,-9.0,9.001,9.001,-9.0,-9.0,-9.0,,,
EarlyBirdCaptial,Earlybirdcapital Inc,83,Earlybirdcapital Inc,-9.0,-9.0,-9.0,1.001,2.001,3.001,4.001,4.001,5.001,
 Jefferies,Jefferies & Co Inc,100,Jefferies & Co Inc,-9.0,5.333,5.001,5.001,5.001,6.001,8.001,8.001,8.001,
 Loop Capital Markets,AB Capital Markets,91,AB Capital Markets,-9.0,-9.0,3.001,-9.0,-9.0,-9.0,-9.0,-9.0,-9.0,
 J.P. Morgan ,JP Morgan (JPM),87,JP Morgan (JPM),-9.0,-9.0,9.001,9.001,9.001,9.001,9.001,9.001,9.001,
"Sandler O’Neill & Partners, L.P",Sandler O'Neill Partners,100,Sandler O'Neill Partners,-9.0,-9.0,8.001,8.001,8.001,8.001,7.501,7.501,7.501,
Key Banc Capital Markets,AB Capital Markets,91,AB Capital Markets,-9.0,-9.0,3.001,-9.0,-9.0,-9.0,-9.0,-9.0,-9.0,
J.P. Morgan Securities,Wedbush Morgan Securities,89,Wedbush Morgan Securities,-9.0,5.0,5.001,-9.0,4.001,4.001,-9.0,6.001,,
Deutsche Bank Securities,Deutsche Bank Securities Corp,100,Deutsche Bank Securities Corp,-9.0,-9.0,9.001,9.001,9.001,9.001,8.501,8.501,8.501,
J.P Morgan,JP Morgan (JPM),87,JP Morgan (JPM),-9.0,-9.0,9.001,9.001,9.001,9.001,9.001,9.001,9.001,
 Barclays ,Barclays Capital,100,Barclays Capital,-9.0,-9.0,-9.0,-9.0,8.001,8.001,8.001,8.001,8.001,
BofA Securities,BA Securities,93,BA Securities,-9.0,-9.0,7.001,-9.0,-9.0,-9.0,-9.0,-9.0,-9.0,
Needham,Needham & Co Inc,100,Needham & Co Inc,-9.0,6.0,5.001,5.001,5.001,5.001,-9.0,5.001,5.001,
Piper Jaffray,US Bancorp Piper Jaffray,100,US Bancorp Piper Jaffray,-9.0,-9.0,7.001,7.001,-9.0,-9.0,-9.0,,,
Johnson Rice & Company,Johnson Rice & Co,89,Johnson Rice & Co,-9.0,4.001,4.001,-9.0,4.001,4.001,4.001,4.001,,
Lazard,Lazard Freres & Co LLC,100,Lazard Freres & Co LLC,8.0,8.75,9.001,9.001,-9.0,8.001,8.001,,,
FTN Midwest Securities,"First Midwest Securities, Inc",90,"First Midwest Securities, Inc",-9.0,-9.0,3.001,-9.0,-9.0,-9.0,-9.0,,,
 Deutsche Bank SecuritieS,Deutsche Bank Securities Corp,100,Deutsche Bank Securities Corp,-9.0,-9.0,9.001,9.001,9.001,9.001,8.501,8.501,8.501,
Dawson James Securities,"Dawson James Securities, Inc.",88,"Dawson James Securities, Inc.",-9.0,-9.0,-9.0,-9.0,2.001,2.001,2.001,2.001,,
A.G. Edwrads & Sons,AG Edwards & Sons Inc,80,AG Edwards & Sons Inc,6.5,8.0,7.001,7.001,7.001,7.001,-9.0,-9.0,-9.0,
Paulson Investment,Paulson Investment Co,100,Paulson Investment Co,4.0,5.0,3.001,3.001,3.001,3.001,3.001,3.001,,
 Piper Sandler,Piper-Sandler,100,Piper-Sandler,-9.0,-9.0,-9.0,-9.0,-9.0,,,,7.501,
BTIG,BTIG,100,BTIG,-9.0,-9.0,-9.0,-9.0,-9.0,-9.0,-9.0,6.001,6.501,
RBC Dominion,RBC Dominion Securities,100,RBC Dominion Securities,-9.0,-9.0,7.001,-9.0,-9.0,-9.0,-9.0,,,
 Morgan Stanley,Morgan Stanley,100,Morgan Stanley,-9.0,-9.0,-9.0,9.001,-9.0,-9.0,-9.0,,,
Friedman Billings,Friedman Billings Ramsey Group,100,Friedman Billings Ramsey Group,-9.0,-9.0,5.001,5.001,5.001,5.001,5.001,5.001,,
ThinkEquity (a division of Fordham Financial Management) ,BC Financial,86,BC Financial,-9.0,2.001,-9.0,-9.0,-9.0,-9.0,-9.0,-9.0,-9.0,
SVB Leerink,Leerink-SVB,100,Leerink-SVB,-9.0,-9.0,-9.0,-9.0,-9.0,-9.0,,,7.001,
 CMBI,Cial,50,Cial,-9.0,-9.0,3.001,-9.0,-9.0,-9.0,-9.0,,,
 UBS,UBS AG,100,UBS AG,-9.0,-9.0,8.001,-9.0,-9.0,-9.0,-9.0,,,
 BofA Merrill Lynch ,Merrill Lynch White Weld Cptl,84,Merrill Lynch White Weld Cptl,9.0,8.875,-9.0,-9.0,-9.0,-9.0,-9.0,,,
Merrill Lynch ,Merrill Lynch White Weld Cptl,100,Merrill Lynch White Weld Cptl,9.0,8.875,-9.0,-9.0,-9.0,-9.0,-9.0,,,
Advest,Advest Inc,100,Advest Inc,5.5,7.125,6.001,6.001,-9.0,-9.0,-9.0,-9.0,-9.0,
 Barclays Capital ,Barclays Capital,100,Barclays Capital,-9.0,-9.0,-9.0,-9.0,8.001,8.001,8.001,8.001,8.001,
Jaffray Stifel,Stifel,100,Stifel,-9.0,-9.0,-9.0,-9.0,-9.0,-9.0,7.001,7.001,7.001,
Axiom Capital Management,Cardinal Capital Management,86,Cardinal Capital Management,-9.0,-9.0,3.001,-9.0,-9.0,-9.0,-9.0,-9.0,-9.0,
" Keefe, Bruyette & Woods (A Stifel Company )",Stifel,100,Stifel,-9.0,-9.0,-9.0,-9.0,-9.0,-9.0,7.001,7.001,7.001,
CSFB,HSBC,50,HSBC,-9.0,-9.0,8.001,-9.0,-9.0,-9.0,8.001,8.001,8.001,
 Network 1 Securities,Network 1 Financial Securities,100,Network 1 Financial Securities,-9.0,-9.0,3.001,-9.0,-9.0,-9.0,-9.0,,,
Morgan Stanly,Morgan Stanley,96,Morgan Stanley,-9.0,-9.0,-9.0,9.001,-9.0,-9.0,-9.0,,,
W.R. Hambrecht + Co,W.R. Hambrecht & Company,90,W.R. Hambrecht & Company,-9.0,-9.0,7.001,7.001,7.001,7.001,7.001,7.001,,
 A.G.P.,A. G. Becker Paribas Inc.,75,A. G. Becker Paribas Inc.,7.001,7.001,-9.0,-9.0,-9.0,-9.0,-9.0,-9.0,-9.0,
 Network 1 Financial Securities,Network 1 Financial Securities,100,Network 1 Financial Securities,-9.0,-9.0,3.001,-9.0,-9.0,-9.0,-9.0,,,
B. Riley FBR,B-Riley-FBR,100,B-Riley-FBR,-9.0,-9.0,-9.0,-9.0,-9.0,-9.0,-9.0,,5.001,
" Tudor, Pickering, Holt",Tudor-Pickering,100,Tudor-Pickering,-9.0,-9.0,-9.0,-9.0,-9.0,-9.0,5.001,,,
 Cowen​,Cowen,100,Cowen,-9.0,5.5,7.001,-9.0,7.001,7.001,6.501,7.001,7.001,
Merrill Lynch,Merrill Lynch White Weld Cptl,100,Merrill Lynch White Weld Cptl,9.0,8.875,-9.0,-9.0,-9.0,-9.0,-9.0,,,
 Boustead Securities,BA Securities,87,BA Securities,-9.0,-9.0,7.001,-9.0,-9.0,-9.0,-9.0,-9.0,-9.0,
ThinkEquity,Thinkequity Partners LLC,100,Thinkequity Partners LLC,-9.0,-9.0,-9.0,-9.0,5.001,5.001,-9.0,,,
Credit Suisse,Credit Suisse First Boston,100,Credit Suisse First Boston,-9.0,-9.0,9.001,9.001,9.001,9.001,8.501,,,
Morgan Stanley.Deutsche Bank,Morgan Stanley,100,Morgan Stanley,-9.0,-9.0,-9.0,9.001,-9.0,-9.0,-9.0,,,
 Bradesco BBI,Baring Brothers & Co Ltd,53,Baring Brothers & Co Ltd,-9.0,7.001,-9.0,-9.0,-9.0,-9.0,-9.0,,,
Salomon Smith Barney,Salomon Smith Barney Interntl,100,Salomon Smith Barney Interntl,-9.0,-9.0,9.001,-9.0,-9.0,-9.0,-9.0,,,
 Brookline Capital Markets,AB Capital Markets,91,AB Capital Markets,-9.0,-9.0,3.001,-9.0,-9.0,-9.0,-9.0,-9.0,-9.0,
WallachBeth Capital,KKR Capital,78,KKR Capital,-9.0,-9.0,-9.0,-9.0,-9.0,-9.0,-9.0,8.001,8.001,
UBS Warburg,UBS,100,UBS,-9.0,-9.0,-9.0,8.001,-9.0,-9.0,8.501,,,
"Goldman Sachs, Salomon Smith Barney",Salomon Smith Barney,100,Salomon Smith Barney,-9.0,-9.0,9.001,9.001,-9.0,-9.0,-9.0,,,
Equity Securities,Equity Securities Trading,100,Equity Securities Trading,0.0,2.001,2.001,-9.0,-9.0,-9.0,-9.0,,,
AMTD,AMTD Global Markets,100,AMTD Global Markets,-9.0,-9.0,-9.0,-9.0,-9.0,-9.0,-9.0,,7.501,
Morgan Stanlet Dean Witter,Dean Witter,100,Dean Witter,-9.0,-9.0,8.001,-9.0,-9.0,-9.0,-9.0,,,
 Knight Capital Markets,Knight Capital Markets,100,Knight Capital Markets,-9.0,-9.0,-9.0,-9.0,-9.0,-9.0,5.001,,,
 Ladenburg Thalmann & Co. Inc.,Ladenburg Thalmann & Co,100,Ladenburg Thalmann & Co,5.0,6.0,6.001,6.001,6.001,6.001,6.001,,,
"Bear, Stearns",Bear Stearns International,100,Bear Stearns International,-9.0,-9.0,8.001,-9.0,-9.0,-9.0,-9.0,-9.0,-9.0,
 C.L. King & Associates,CL King & Associates Inc,88,CL King & Associates Inc,-9.0,-9.0,5.001,-9.0,-9.0,-9.0,5.001,,,
Baird,Robert W Baird & Co Inc,100,Robert W Baird & Co Inc,6.5,5.75,7.001,7.001,7.001,7.001,-9.0,,,
Capital Growth Financial,Capital Growth Financial,100,Capital Growth Financial,-9.0,-9.0,-9.0,3.001,3.001,3.001,-9.0,-9.0,-9.0,
Thomas Weisels Partners,Thomas Weisel Partners LLC,90,Thomas Weisel Partners LLC,-9.0,-9.0,8.001,8.001,8.001,7.001,7.001,,,
" Axiom Capital Management,",Cardinal Capital Management,86,Cardinal Capital Management,-9.0,-9.0,3.001,-9.0,-9.0,-9.0,-9.0,-9.0,-9.0,
Haitong International,Haitong International,100,Haitong International,,,,,,,,,8.001,
Gunn Allen,Allen C. Ewing,67,Allen C. Ewing,5.001,-9.0,5.001,-9.0,-9.0,-9.0,-9.0,-9.0,-9.0,
WR Hambrecht,Hambrecht & Quist,86,Hambrecht & Quist,6.0,8.0,8.001,-9.0,-9.0,-9.0,-9.0,,,
 Tudor Pickering Holt,Tudor-Pickering,100,Tudor-Pickering,-9.0,-9.0,-9.0,-9.0,-9.0,-9.0,5.001,,,
CS First Boston,CS First Boston,100,CS First Boston,-9.0,-9.0,9.001,-9.0,-9.0,-9.0,-9.0,,,
Wm Blair,D. H. Blair,77,D. H. Blair,4.001,4.001,4.001,-9.0,-9.0,-9.0,-9.0,,,
 Raymond James,Raymond James & Associates Inc,100,Raymond James & Associates Inc,4.0,5.625,7.001,7.001,7.001,7.001,7.001,7.501,7.501,
​Jefferies,Jefferies & Co Inc,100,Jefferies & Co Inc,-9.0,5.333,5.001,5.001,5.001,6.001,8.001,8.001,8.001,
 Valuable Capital Limited,Valuable Capital,100,Valuable Capital,-9.0,-9.0,-9.0,-9.0,-9.0,-9.0,-9.0,,4.001,
Adams Harkness,Adams Harkness & Hill Inc,100,Adams Harkness & Hill Inc,-9.0,5.001,5.001,5.001,-9.0,-9.0,-9.0,-9.0,-9.0,
 TD Securities,TD Securities Inc,100,TD Securities Inc,-9.0,-9.0,7.001,-9.0,-9.0,-9.0,7.001,,,
 Shenwan Hogyuan ,Shemano Group,57,Shemano Group,-9.0,-9.0,-9.0,4.001,-9.0,-9.0,-9.0,,,
 William Blair & Company,William Blair & Co,90,William Blair & Co,5.0,7.875,7.001,7.001,7.001,7.001,7.001,7.001,,
Macquarie Capital,KKR Capital,78,KKR Capital,-9.0,-9.0,-9.0,-9.0,-9.0,-9.0,-9.0,8.001,8.001,
 Aegis Capital Corp,Aegis Capital,100,Aegis Capital,-9.0,-9.0,4.001,-9.0,-9.0,-9.0,3.001,3.001,3.001,
Brean Murray,Brean Murray & Co Inc,100,Brean Murray & Co Inc,4.001,4.001,4.001,-9.0,-9.0,-9.0,-9.0,-9.0,-9.0,
Chase H&Q,Chase H&Q,100,Chase H&Q,-9.0,-9.0,8.001,-9.0,-9.0,-9.0,-9.0,-9.0,-9.0,
 Citi,Citigroup,62,Citigroup,-9.0,-9.0,-9.0,9.001,9.001,9.001,9.001,9.001,9.001,
Craig-Hallum Capital Group,"Craig-Hallum, Inc.",86,"Craig-Hallum, Inc.",4.0,4.5,4.001,-9.0,4.001,4.001,-9.0,,,
 XP Investments,Profile Investments,88,Profile Investments,-9.0,2.001,-9.0,-9.0,-9.0,-9.0,-9.0,,,
​Barclays,Barclays Capital,100,Barclays Capital,-9.0,-9.0,-9.0,-9.0,8.001,8.001,8.001,8.001,8.001,
 Lazard Capital Markets,Lazard,100,Lazard,-9.0,-9.0,9.001,9.001,-9.0,8.001,8.001,8.001,,
 RBC Capital Market,RBC Capital Markets,97,RBC Capital Markets,-9.0,-9.0,-9.0,7.001,7.001,8.001,8.001,8.001,8.001,
Roth Capital Partners ,Roth Capital Partners Inc,100,Roth Capital Partners Inc,-9.0,-9.0,4.001,4.001,4.001,4.001,5.001,5.001,,
 Regions Securities,BA Securities,87,BA Securities,-9.0,-9.0,7.001,-9.0,-9.0,-9.0,-9.0,-9.0,-9.0,
Barclays,Barclays Capital,100,Barclays Capital,-9.0,-9.0,-9.0,-9.0,8.001,8.001,8.001,8.001,8.001,
Benchmark Company,The Benchmark Company,100,The Benchmark Company,-9.0,-9.0,-9.0,-9.0,-9.0,-9.0,-9.0,,4.001,
 Haitong Internationa,Haitong International,98,Haitong International,,,,,,,,,8.001,
Cowen and Company,Cowen,100,Cowen,-9.0,5.5,7.001,-9.0,7.001,7.001,6.501,7.001,7.001,
 UBS Investment Bank​,UBS,100,UBS,-9.0,-9.0,-9.0,8.001,-9.0,-9.0,8.501,,,
Freidman Billing Ramsey,Friedman Billings Ramsey & Co,88,Friedman Billings Ramsey & Co,-9.0,-9.0,-9.0,5.001,-9.0,-9.0,-9.0,,,
BB&T Capital Markets,BB&T Capital Markets,100,BB&T Capital Markets,-9.0,-9.0,7.001,7.001,6.001,6.001,6.001,-9.0,-9.0,
 RAYMOND JAMES,Raymond James & Associates Inc,100,Raymond James & Associates Inc,4.0,5.625,7.001,7.001,7.001,7.001,7.001,7.501,7.501,
" Bryan, Garnier","Gaines, Berland",67,"Gaines, Berland",-9.0,4.001,2.001,-9.0,-9.0,-9.0,-9.0,,,
 Baird,Robert W Baird & Co Inc,100,Robert W Baird & Co Inc,6.5,5.75,7.001,7.001,7.001,7.001,-9.0,,,
Allen,Allen C. Ewing,100,Allen C. Ewing,5.001,-9.0,5.001,-9.0,-9.0,-9.0,-9.0,-9.0,-9.0,
 Chardan,"Chardan Capital Markets, LLC",100,"Chardan Capital Markets, LLC",-9.0,-9.0,-9.0,-9.0,2.001,2.001,3.001,3.001,4.001,
 J.P. MorganSandle,Morgan Stanley,73,Morgan Stanley,-9.0,-9.0,-9.0,9.001,-9.0,-9.0,-9.0,,,
National Securities Corporation,RAS Securities Corporation,92,RAS Securities Corporation,-9.0,-9.0,3.001,-9.0,-9.0,-9.0,-9.0,,,
China International,China International Capital Corp (CICC),100,China International Capital Corp (CICC),-9.0,-9.0,7.001,8.001,8.001,8.001,8.001,8.001,8.501,
 The Huntington Investment Company,Orians Investment,74,Orians Investment,2.001,-9.0,-9.0,-9.0,-9.0,-9.0,-9.0,,,
Morgan Stanle,Morgan Stanley,96,Morgan Stanley,-9.0,-9.0,-9.0,9.001,-9.0,-9.0,-9.0,,,
UBS Warburg ,UBS,100,UBS,-9.0,-9.0,-9.0,8.001,-9.0,-9.0,8.501,,,
Stephens,"Robertson, Colman & Stephens",100,"Robertson, Colman & Stephens",5.001,8.75,-9.0,-9.0,-9.0,-9.0,-9.0,,,
FIG Partners,Utendahl Capital Partners,80,Utendahl Capital Partners,-9.0,-9.0,6.001,-9.0,-9.0,-9.0,-9.0,,,
 Banc of America Securities,Banc of America Securities LLC,100,Banc of America Securities LLC,-9.0,-9.0,8.001,8.001,8.001,8.001,-9.0,,,
I-Bankers Securities,I-Bankers Securities Inc,100,I-Bankers Securities Inc,-9.0,-9.0,3.001,2.001,2.001,2.001,2.001,,,
 Ameriprise Financial Services,BC Financial,86,BC Financial,-9.0,2.001,-9.0,-9.0,-9.0,-9.0,-9.0,-9.0,-9.0,
Sandler O’Neill & Partners,Sandler O'Neill Partners,100,Sandler O'Neill Partners,-9.0,-9.0,8.001,8.001,8.001,8.001,7.501,7.501,7.501,
 Pacific Crest Securities,Pacific Crest Securities Inc,100,Pacific Crest Securities Inc,-9.0,-9.0,1.001,-9.0,-9.0,-9.0,-9.0,7.001,,
 Cantor,"Cantor, Fitzgerald & Co., Inc.",100,"Cantor, Fitzgerald & Co., Inc.",-9.0,-9.0,6.001,6.001,6.001,6.001,6.001,6.001,6.001,
Cantor Fitzgerald,"Cantor, Fitzgerald & Co., Inc.",100,"Cantor, Fitzgerald & Co., Inc.",-9.0,-9.0,6.001,6.001,6.001,6.001,6.001,6.001,6.001,
Citibank,KKR Capital,53,KKR Capital,-9.0,-9.0,-9.0,-9.0,-9.0,-9.0,-9.0,8.001,8.001,
Merrill Lhnch,Merrill Lynch & Co Inc,73,Merrill Lynch & Co Inc,-9.0,9.001,9.001,9.001,9.001,9.001,8.501,8.501,8.501,
Sandler O’Neill,Sandler O'Neill Partners,100,Sandler O'Neill Partners,-9.0,-9.0,8.001,8.001,8.001,8.001,7.501,7.501,7.501,
Merrill,Merrill Lynch White Weld Cptl,100,Merrill Lynch White Weld Cptl,9.0,8.875,-9.0,-9.0,-9.0,-9.0,-9.0,,,
 Piper Jaffray,US Bancorp Piper Jaffray,100,US Bancorp Piper Jaffray,-9.0,-9.0,7.001,7.001,-9.0,-9.0,-9.0,,,
Piper,US Bancorp Piper Jaffray,100,US Bancorp Piper Jaffray,-9.0,-9.0,7.001,7.001,-9.0,-9.0,-9.0,,,
 Allen & Company,Baer & Company,80,Baer & Company,-9.0,5.001,-9.0,-9.0,-9.0,-9.0,-9.0,-9.0,-9.0,
 I-Bankers Securities,I-Bankers Securities Inc,100,I-Bankers Securities Inc,-9.0,-9.0,3.001,2.001,2.001,2.001,2.001,,,
Legand Merchant Group,Legend Merchant Group,95,Legend Merchant Group,-9.0,-9.0,-9.0,-9.0,3.001,3.001,-9.0,,,
Credit Siusse First Boston,Credit Suisse First Boston,96,Credit Suisse First Boston,-9.0,-9.0,9.001,9.001,9.001,9.001,8.501,,,
Leerink Partners,Leerink-SVB,78,Leerink-SVB,-9.0,-9.0,-9.0,-9.0,-9.0,-9.0,,,7.001,
J..P. Morgan Securities,Wedbush Morgan Securities,89,Wedbush Morgan Securities,-9.0,5.0,5.001,-9.0,4.001,4.001,-9.0,6.001,,
Goldman Sachs (Asia) L.L.C.,Goldman Sachs Asia,100,Goldman Sachs Asia,-9.0,-9.0,-9.0,9.001,9.001,9.001,9.001,9.001,9.001,
Donald,Donald & Co. Securities,100,Donald & Co. Securities,0.5,3.001,3.001,-9.0,-9.0,-9.0,-9.0,,,
Credit Suisse ,Credit Suisse First Boston,100,Credit Suisse First Boston,-9.0,-9.0,9.001,9.001,9.001,9.001,8.501,,,
West Park Capital,West Park Capital,100,West Park Capital,-9.0,-9.0,4.001,-9.0,2.001,2.001,2.001,,,
 BofA Merrill Lych,Merrill Lynch & Co Inc,76,Merrill Lynch & Co Inc,-9.0,9.001,9.001,9.001,9.001,9.001,8.501,8.501,8.501,
Lazard Capital Markets,Lazard,100,Lazard,-9.0,-9.0,9.001,9.001,-9.0,8.001,8.001,8.001,,
 Itau BBA ,Banco Itau-BBA,100,Banco Itau-BBA,-9.0,-9.0,-9.0,-9.0,-9.0,-9.0,7.001,7.001,,
BMO Capital Markets,BMO Capital Markets,100,BMO Capital Markets,-9.0,-9.0,-9.0,-9.0,7.001,7.001,7.001,7.001,7.001,
Leerink Swann,Leerink Swann & Co.,100,Leerink Swann & Co.,-9.0,-9.0,4.001,-9.0,-9.0,5.001,6.001,7.001,,
ThinkEquity (a division of Fordham Financial Management),BC Financial,86,BC Financial,-9.0,2.001,-9.0,-9.0,-9.0,-9.0,-9.0,-9.0,-9.0,
Donaldson Lufkin & Jenrette,Donaldson Lufkin & Jenrette,100,Donaldson Lufkin & Jenrette,7.0,8.75,9.001,-9.0,-9.0,-9.0,-9.0,,,
Alpha Finance,Alpha Finance US Corporation,100,Alpha Finance US Corporation,-9.0,-9.0,-9.0,5.001,-9.0,-9.0,-9.0,-9.0,-9.0,
Roth,Cruttenden Roth Inc,100,Cruttenden Roth Inc,-9.0,-9.0,3.001,-9.0,-9.0,-9.0,-9.0,,,
RBC,RBC Dominion Securities,100,RBC Dominion Securities,-9.0,-9.0,7.001,-9.0,-9.0,-9.0,-9.0,,,
 Goldman Sach,Goldman Sachs & Co,86,Goldman Sachs & Co,9.0,9.0,9.001,9.001,9.001,9.001,9.001,9.001,9.001,
" Keefe, Woods & Bruyette (A Stifel Company)",Stifel,100,Stifel,-9.0,-9.0,-9.0,-9.0,-9.0,-9.0,7.001,7.001,7.001,
WRHambrecht+Co,W.R. Hambrecht & Company,69,W.R. Hambrecht & Company,-9.0,-9.0,7.001,7.001,7.001,7.001,7.001,7.001,,
Casimir Capital,KKR Capital,78,KKR Capital,-9.0,-9.0,-9.0,-9.0,-9.0,-9.0,-9.0,8.001,8.001,
 Rodman & Renshaw,Rodman & Renshaw Inc,100,Rodman & Renshaw Inc,-9.0,5.5,2.001,-9.0,2.001,2.001,2.001,,,
EarlyBridCapital,Earlybirdcapital Inc,83,Earlybirdcapital Inc,-9.0,-9.0,-9.0,1.001,2.001,3.001,4.001,4.001,5.001,
BB&T Capital,BB&T Capital Markets,100,BB&T Capital Markets,-9.0,-9.0,7.001,7.001,6.001,6.001,6.001,-9.0,-9.0,
Deutsche Bank Securities ,Deutsche Bank Securities Corp,100,Deutsche Bank Securities Corp,-9.0,-9.0,9.001,9.001,9.001,9.001,8.501,8.501,8.501,
 Zelman Partners LLC,Zelman,100,Zelman,-9.0,-9.0,-9.0,-9.0,-9.0,-9.0,-9.0,6.501,,
 Morgan Stanle,Morgan Stanley,96,Morgan Stanley,-9.0,-9.0,-9.0,9.001,-9.0,-9.0,-9.0,,,
 J.P. Morga,J.T. Moran,78,J.T. Moran,-9.0,1.001,-9.0,-9.0,-9.0,-9.0,-9.0,,,
 Shenwan Hongyuan Securities,BA Securities,87,BA Securities,-9.0,-9.0,7.001,-9.0,-9.0,-9.0,-9.0,-9.0,-9.0,
 BofA Merrill Lynch,Merrill Lynch White Weld Cptl,84,Merrill Lynch White Weld Cptl,9.0,8.875,-9.0,-9.0,-9.0,-9.0,-9.0,,,
 VALUABLE CAPITAL LIMITED,Valuable Capital,100,Valuable Capital,-9.0,-9.0,-9.0,-9.0,-9.0,-9.0,-9.0,,4.001,
Creidt Suisse First Boston,Credit Suisse First Boston,96,Credit Suisse First Boston,-9.0,-9.0,9.001,9.001,9.001,9.001,8.501,,,
C&Co,C&CO/PrinceRidge,100,C&CO/PrinceRidge,-9.0,-9.0,-9.0,-9.0,-9.0,-9.0,-9.0,5.001,,
"Goldman, Sach",Goldman Sachs & Co,86,Goldman Sachs & Co,9.0,9.0,9.001,9.001,9.001,9.001,9.001,9.001,9.001,
ThinkPanmure,Hinkle & LaMear,56,Hinkle & LaMear,2.001,-9.0,-9.0,-9.0,-9.0,-9.0,-9.0,,,
 Hovde Group,Shemano Group,67,Shemano Group,-9.0,-9.0,-9.0,4.001,-9.0,-9.0,-9.0,,,
J.P. Morgan,JP Morgan (JPM),87,JP Morgan (JPM),-9.0,-9.0,9.001,9.001,9.001,9.001,9.001,9.001,9.001,
 Zelman Partners,Zelman,100,Zelman,-9.0,-9.0,-9.0,-9.0,-9.0,-9.0,-9.0,6.501,,
 BoA Merrill Lynch,Bank of America-Merrill Lynch (BOA-Merrill),100,Bank of America-Merrill Lynch (BOA-Merrill),-9.0,-9.0,-9.0,-9.0,-9.0,-9.0,8.501,8.501,8.501,
 Neidiger Tucker Bruner,"Neidiger, Tucker, Bruner Inc.",100,"Neidiger, Tucker, Bruner Inc.",3.001,2.5,3.001,3.001,-9.0,-9.0,-9.0,,,
Keefe Bruyette & Woods,Keefe Bruyette & Woods Inc,100,Keefe Bruyette & Woods Inc,-9.0,8.333,7.001,7.001,7.001,7.001,7.001,7.001,,merged with Stifel in 2013
Oppenhemier,CIBC Oppenheimer,74,CIBC Oppenheimer,-9.0,-9.0,8.001,8.001,8.001,8.001,7.501,7.501,7.501,
 Goldman Sachs,Goldman Sachs Asia,100,Goldman Sachs Asia,-9.0,-9.0,-9.0,9.001,9.001,9.001,9.001,9.001,9.001,
Keefe Bruyette & Woods (A Stifel Company ),Stifel,100,Stifel,-9.0,-9.0,-9.0,-9.0,-9.0,-9.0,7.001,7.001,7.001,
"EarlyBirdCapital, Inc.",Earlybirdcapital Inc,100,Earlybirdcapital Inc,-9.0,-9.0,-9.0,1.001,2.001,3.001,4.001,4.001,5.001,
William Baird,William Blair & Co,83,William Blair & Co,5.0,7.875,7.001,7.001,7.001,7.001,7.001,7.001,,
Barclays Capial,Barclays Capital,97,Barclays Capital,-9.0,-9.0,-9.0,-9.0,8.001,8.001,8.001,8.001,8.001,
KeyBanc Capital Markets,KeyBanc Capital Markets ,100,KeyBanc Capital Markets ,-9.0,-9.0,-9.0,-9.0,5.001,5.001,6.001,6.001,,
Goldman Sachs (Asia),Goldman Sachs Asia,100,Goldman Sachs Asia,-9.0,-9.0,-9.0,9.001,9.001,9.001,9.001,9.001,9.001,
